[{"model": "themes.local", "pk": 191, "fields": {"title": "\ubc14\uc6b0\ub77c\uc6c0 \uac15\uc544\uc9c0\uc720\uce58\uc6d0", "venue": "\uc11c\uc6b8\ud2b9\ubcc4\uc2dc \uc131\ub3d9\uad6c \uc655\uc2ed\ub9ac\ub85c 241 \ud30c\ud06c\uc5d0\ube44\ub274 \uc5d4\ud130\uc2dd\uc2a4 4\uce35 \uc9c0\ubc88", "category": "\ubc18\ub824\ub3d9\ubb3c > \uc560\uacac\ud6c8\ub828", "tel": "1566-4508"}}, {"model": "themes.local", "pk": 192, "fields": {"title": "\ud558\uc6b8 \uc560\uacac \uc720\uce58\uc6d0", "venue": "\uc11c\uc6b8\ud2b9\ubcc4\uc2dc \uac15\uc11c\uad6c \uacf0\ub2ec\ub798\ub85c 227 2\uce35.3\uce35 \ud558\uc6b8\uc720\uce58\uc6d0 \uc9c0\ubc88", "category": "\ubc18\ub824\ub3d9\ubb3c > \uc560\uacac\ud6c8\ub828", "tel": "1877-9057"}}, {"model": "themes.local", "pk": 193, "fields": {"title": "\ub3c4\uadf8\ud558\uc6b0\uc2a4", "venue": "\uc11c\uc6b8\ud2b9\ubcc4\uc2dc \uc591\ucc9c\uad6c \ubaa9\ub3d9\uc911\uc559\uc11c\ub85c 47 \uc131\ubcf4\uc8fc\uc0c1\ubcf5\ud569\uc544\ud30c\ud2b8 1\uce35 \uc9c0\ubc88", "category": "\ubc18\ub824\ub3d9\ubb3c > \uc560\uacac\ud6c8\ub828", "tel": "02-2643-3330"}}, {"model": "themes.local", "pk": 194, "fields": {"title": "\ub3c5\ud54f \ucf54\ub9ac\uc544", "venue": "\uc11c\uc6b8\ud2b9\ubcc4\uc2dc \ub9c8\ud3ec\uad6c \uc6d4\ub4dc\ucef5\ub85c 29 \uc9c0\ud558 1\uce35 \uc9c0\ubc88", "category": "\ubc18\ub824\ub3d9\ubb3c > \uc560\uacac\ud6c8\ub828", "tel": "02-3144-8723"}}, {"model": "themes.local", "pk": 195, "fields": {"title": "\uc640\uc0ac\ube44\ub124\uc9d1", "venue": "\uc11c\uc6b8\ud2b9\ubcc4\uc2dc \uad11\uc9c4\uad6c \uc6a9\ub9c8\uc0b0\ub85c 66 3\uce35 \uc640\uc0ac\ube44\ub124\uc9d1 \uc9c0\ubc88", "category": "\ubc18\ub824\ub3d9\ubb3c > \uc560\uacac\ud6c8\ub828", "tel": "02-454-1010"}}, {"model": "themes.local", "pk": 196, "fields": {"title": "\ud574\ud53c\ud37c\ud53c", "venue": "\uc11c\uc6b8\ud2b9\ubcc4\uc2dc \uac15\ub0a8\uad6c \ub17c\ud604\ub85c134\uae38 5 \uc9c0\ubc88", "category": "\ubc18\ub824\ub3d9\ubb3c > \uc560\uacac\ud6c8\ub828", "tel": "02-544-0522"}}, {"model": "themes.local", "pk": 197, "fields": {"title": "\ub3c5\ud54f \uc6f0\ub2c8\uc2a4\uc13c\ud130", "venue": "\uc11c\uc6b8\ud2b9\ubcc4\uc2dc \uac15\ub0a8\uad6c \uac15\ub0a8\ub300\ub85c140\uae38 26 N234 \uc9c0\ud5582\uce35 \uc9c0\ubc88", "category": "\ubc18\ub824\ub3d9\ubb3c > \uc560\uacac\ud6c8\ub828", "tel": "070-8018-1869"}}, {"model": "themes.local", "pk": 198, "fields": {"title": "\ub3c4\uae30\ucea0\ud504", "venue": "\uc11c\uc6b8\ud2b9\ubcc4\uc2dc \uc6a9\uc0b0\uad6c \ubc31\ubc94\ub85c 313 \ub86f\ub370\uce90\uc2ac\uc0c1\uac00 B2\uce35 203,204\ud638 \ub3c4\uae30\ucea0\ud504 \uc9c0\ubc88", "category": "\ubc18\ub824\ub3d9\ubb3c > \uc560\uacac\ud6c8\ub828", "tel": "02-714-5999"}}, {"model": "themes.local", "pk": 199, "fields": {"title": "\uc2a4\ud0c0\ubabd \uac15\uc544\uc9c0 \uc720\uce58\uc6d0", "venue": "\uc11c\uc6b8\ud2b9\ubcc4\uc2dc \uc11c\ucd08\uad6c \uc11c\ucd08\ub300\ub85c73\uae38 12 \uc138\uacc4\ube4c\ub529 B1\uce35 \uc9c0\ubc88", "category": "\ubc18\ub824\ub3d9\ubb3c > \uc560\uacac\ud6c8\ub828", "tel": "010-4157-3598"}}, {"model": "themes.local", "pk": 200, "fields": {"title": "\ud3ab\ub3c4\uadf8 \uc560\uacac\uc2a4\ucfe8", "venue": "\uc11c\uc6b8\ud2b9\ubcc4\uc2dc \uc1a1\ud30c\uad6c \uc0c8\ub9d0\ub85c 146 \ud558\ub098\ube4c\ub529 3\uce35 \uc9c0\ubc88", "category": "\ubc18\ub824\ub3d9\ubb3c > \uc560\uacac\ud6c8\ub828", "tel": "010-3361-2020"}}, {"model": "themes.local", "pk": 201, "fields": {"title": "KKA \ud55c\uad6d\uc5b4\uc9c8\ub9ac\ud2f0\uc5f0\ud569", "venue": "\uc11c\uc6b8\ud2b9\ubcc4\uc2dc \uac15\ub3d9\uad6c \uc591\uc7ac\ub300\ub85c 1355 \uc9c0\ubc88", "category": "\ubc18\ub824\ub3d9\ubb3c > \uc560\uacac\ud6c8\ub828", "tel": "010-3110-0805"}}, {"model": "themes.local", "pk": 202, "fields": {"title": "Dogs and Human", "venue": "\uc11c\uc6b8\ud2b9\ubcc4\uc2dc \uc11c\ucd08\uad6c \uba85\ub2ec\ub85c9\uae38 5 \uc9c0\ubc88", "category": "\ubc18\ub824\ub3d9\ubb3c > \uc560\uacac\ud6c8\ub828", "tel": "070-4010-8873"}}, {"model": "themes.local", "pk": 203, "fields": {"title": "\ud50c\ub798\ub2db\uc624\ube0c\ub3c5\uc2a4 \ucf00\uc5b4\uc13c\ud130", "venue": "\uc11c\uc6b8\ud2b9\ubcc4\uc2dc \uc6a9\uc0b0\uad6c \ud55c\ub0a8\ub300\ub85c40\uae38 10 \uc9c0\ubc88", "category": "\ubc18\ub824\ub3d9\ubb3c > \uc560\uacac\ud6c8\ub828", "tel": "010-3103-9644"}}, {"model": "themes.local", "pk": 204, "fields": {"title": "\uc608\uc0b0\uc560\uacac\ud14c\ub9c8\ud30c\ud06c", "venue": "\uc11c\uc6b8\ud2b9\ubcc4\uc2dc \uae08\ucc9c\uad6c \uac00\uc0b0\ub514\uc9c0\ud1381\ub85c 212 \uc9c0\ubc88", "category": "\ubc18\ub824\ub3d9\ubb3c > \uc560\uacac\ud6c8\ub828", "tel": "070-7770-3610"}}, {"model": "themes.local", "pk": 205, "fields": {"title": "\ud0a4\uc6c0\ubc18\ub824\uacac\uc544\uce74\ub370\ubbf8", "venue": "\uc11c\uc6b8\ud2b9\ubcc4\uc2dc \uc591\ucc9c\uad6c \uc740\ud589\uc815\ub85c 94 201\ud638 \uc9c0\ubc88", "category": "\ubc18\ub824\ub3d9\ubb3c > \uc560\uacac\ud6c8\ub828", "tel": "010-4847-5193"}}, {"model": "themes.local", "pk": 206, "fields": {"title": "\ud0a4\uc988\uba4d", "venue": "\uc11c\uc6b8\ud2b9\ubcc4\uc2dc \uad11\uc9c4\uad6c \ub3d9\uc77c\ub85c62\uae38 41 \uc9c0\ubc88", "category": "\ubc18\ub824\ub3d9\ubb3c > \uc560\uacac\ud6c8\ub828", "tel": "010-8875-9491"}}, {"model": "themes.local", "pk": 207, "fields": {"title": "\uc9d0\ub354\ub3c5", "venue": "\uc11c\uc6b8\ud2b9\ubcc4\uc2dc \uac15\ub0a8\uad6c \ub17c\ud604\ub85c26\uae38 28 \uc11d\ucc9c\ube4c\ub529 \uc9c0\ud5581\uce35 \uc9c0\ubc88", "category": "\ubc18\ub824\ub3d9\ubb3c > \uc560\uacac\ud6c8\ub828", "tel": "02-575-2004"}}, {"model": "themes.local", "pk": 208, "fields": {"title": "\uc648\uc2a4 \ubc18\ub824\uacac", "venue": "\uc11c\uc6b8\ud2b9\ubcc4\uc2dc \uac15\ub0a8\uad6c \ud14c\ud5e4\ub780\ub85c82\uae38 15 \uc9c0\ubc88", "category": "\ubc18\ub824\ub3d9\ubb3c > \uc560\uacac\ud6c8\ub828", "tel": "010-8748-6195"}}, {"model": "themes.local", "pk": 209, "fields": {"title": "\uc288\ud37c\ub3c5", "venue": "\uc11c\uc6b8\ud2b9\ubcc4\uc2dc \uc601\ub4f1\ud3ec\uad6c \uc5ec\uc758\ub3d9\ub85c 213 \uc0c1\uac00\uce35 114\ud638 \uc9c0\ubc88", "category": "\ubc18\ub824\ub3d9\ubb3c > \uc560\uacac\ud6c8\ub828", "tel": "070-4279-7722"}}, {"model": "themes.local", "pk": 210, "fields": {"title": "\ud37c\ud53c\uc194\ub8e8\uc158", "venue": "\uc11c\uc6b8\ud2b9\ubcc4\uc2dc \uad00\uc545\uad6c \ub0a8\ubd80\uc21c\ud658\ub85c180\uae38 34-15 \uc194\ud558\uc6b0\uc2a4 \uc9c0\ubc88", "category": "\ubc18\ub824\ub3d9\ubb3c > \uc560\uacac\ud6c8\ub828", "tel": "010-2349-1341"}}, {"model": "themes.local", "pk": 211, "fields": {"title": "\ud0d1 \uc560\uacac\ubc29\ubb38\ud6c8\ub828\uc18c", "venue": "\uc11c\uc6b8\ud2b9\ubcc4\uc2dc \uc1a1\ud30c\uad6c \ubb38\uc815\ub85c4\uae38 22 \ub3d9\ud638\ube4c\ub529 \uc9c0\ubc88", "category": "\ubc18\ub824\ub3d9\ubb3c > \uc560\uacac\ud6c8\ub828", "tel": "010-3009-6530"}}, {"model": "themes.local", "pk": 212, "fields": {"title": "\ub9c1\ud050\uc5b4\ub3c5", "venue": "\uc11c\uc6b8\ud2b9\ubcc4\uc2dc \uc911\uad6c \uc0bc\uc77c\ub300\ub85c4\uae38 9 \ub77c\uc774\uc628\uc2a4\ube4c\ub529 3\uce35 \uc9c0\ubc88", "category": "\ubc18\ub824\ub3d9\ubb3c > \uc560\uacac\ud6c8\ub828", "tel": "010-5717-3206"}}, {"model": "themes.local", "pk": 213, "fields": {"title": "\ub3c5\uc2a4\ub124\uc774\ucc98", "venue": "\uc11c\uc6b8\ud2b9\ubcc4\uc2dc \uac15\uc11c\uad6c \ub9c8\uace1\uc911\uc559\ub85c 171 601\ud638 \uc9c0\ubc88", "category": "\ubc18\ub824\ub3d9\ubb3c > \uc560\uacac\ud6c8\ub828", "tel": "010-2911-3429"}}, {"model": "themes.local", "pk": 214, "fields": {"title": "\ud558\uc6b8\ud31f \ucf00\uc5b4\ud074\ub7fd \uc11c\ucd08\ubcf8\uc810", "venue": "\uc11c\uc6b8\ud2b9\ubcc4\uc2dc \uc11c\ucd08\uad6c \uc11c\ucd08\ub300\ub85c58\uae38 36 4~5F \uc9c0\ubc88", "category": "\ubc18\ub824\ub3d9\ubb3c > \uc560\uacac\ud6c8\ub828", "tel": "070-8779-1105"}}, {"model": "themes.local", "pk": 215, "fields": {"title": "\ud55c\uad6d\uc560\uacac\ucd9c\uc7a5\ud6c8\ub828\uc18c", "venue": "\uc11c\uc6b8\ud2b9\ubcc4\uc2dc \uc911\uad6c \uba85\ub3d93\uae38 12 \uc9c0\ubc88", "category": "\ubc18\ub824\ub3d9\ubb3c > \uc560\uacac\ud6c8\ub828", "tel": "070-8968-5031"}}, {"model": "themes.local", "pk": 216, "fields": {"title": "\ub611\ub3c5\ud558\uc6b0\uc2a4", "venue": "\uc11c\uc6b8\ud2b9\ubcc4\uc2dc \uac15\ub0a8\uad6c \ubd09\uc740\uc0ac\ub85c49\uae38 23 \uc9c0\ubc88", "category": "\ubc18\ub824\ub3d9\ubb3c > \uc560\uacac\ud6c8\ub828", "tel": "02-540-2905"}}, {"model": "themes.local", "pk": 217, "fields": {"title": "\ud37c\uc2a4\ud2b8\ucd9c\uc7a5\ubc29\ubb38\uc560\uacac\ud6c8\ub828\uc18c", "venue": "\uc11c\uc6b8\ud2b9\ubcc4\uc2dc \uc911\ub791\uad6c \uc0c1\ubd09\ub85c19\uae38 4 \uc9c0\ubc88", "category": "\ubc18\ub824\ub3d9\ubb3c > \uc560\uacac\ud6c8\ub828", "tel": "02-435-7982"}}, {"model": "themes.local", "pk": 218, "fields": {"title": "102Dog", "venue": "\uc11c\uc6b8\ud2b9\ubcc4\uc2dc \uac15\ub3d9\uad6c \uc554\uc0ac18\uae38 49 \uc9c0\ubc88", "category": "\ubc18\ub824\ub3d9\ubb3c > \uc560\uacac\ud6c8\ub828", "tel": "010-4624-9833"}}, {"model": "themes.local", "pk": 219, "fields": {"title": "\uc704\ub4dc\ud37c\ud53c", "venue": "\uc11c\uc6b8\ud2b9\ubcc4\uc2dc \uad00\uc545\uad6c \uccad\ub8e14\uae38 8 \uc9c0\ubc88", "category": "\ubc18\ub824\ub3d9\ubb3c > \uc560\uacac\ud6c8\ub828", "tel": "010-9108-8850"}}, {"model": "themes.local", "pk": 220, "fields": {"title": "DT838 \ubc18\ub824\uacac\uad50\uc721\uc13c\ud130", "venue": "\uc11c\uc6b8\ud2b9\ubcc4\uc2dc \uad11\uc9c4\uad6c \uad11\ub098\ub8e8\ub85c 441 \ub3c4\uadf8\ubca0\uc774838\uc11c\uc6b8\uc810 \ub0b4 DT838\ubc18\ub824\uacac\uad50\uc721\uc13c\ud130 \uc9c0\ubc88", "category": "\ubc18\ub824\ub3d9\ubb3c > \uc560\uacac\ud6c8\ub828", "tel": "070-4908-5890"}}, {"model": "themes.local", "pk": 221, "fields": {"title": "\uc62c\ubc14\ub978 \ucc38\uacac", "venue": "\uc11c\uc6b8\ud2b9\ubcc4\uc2dc \uac15\ub0a8\uad6c \uc601\ub3d9\ub300\ub85c 602 \uc9c0\ubc88", "category": "\ubc18\ub824\ub3d9\ubb3c > \uc560\uacac\ud6c8\ub828", "tel": "010-3201-9537"}}, {"model": "themes.local", "pk": 222, "fields": {"title": "\ubc18\ub824\uacac \ud589\ubcf5\ub3c4\uc6b0\ubbf8", "venue": "\uc11c\uc6b8\ud2b9\ubcc4\uc2dc \uac15\ub0a8\uad6c \uac1c\ud3ec\ub85c 636 \uc9c0\ubc88", "category": "\ubc18\ub824\ub3d9\ubb3c > \uc560\uacac\ud6c8\ub828", "tel": "010-8804-5837"}}, {"model": "themes.local", "pk": 223, "fields": {"title": "\uc6b0\ud478", "venue": "\uc11c\uc6b8\ud2b9\ubcc4\uc2dc \uc11c\ub300\ubb38\uad6c \ud1b5\uc77c\ub85c 484 \uc2e0\uc9c0\uc2dd\uc0b0\uc5c5\uc13c\ud130 318 \uc9c0\ubc88", "category": "\ubc18\ub824\ub3d9\ubb3c > \uc560\uacac\ud6c8\ub828", "tel": "1877-4166"}}, {"model": "themes.local", "pk": 224, "fields": {"title": "\ubc15\uc900\ubc29\ubb38\uac15\uc544\uc9c0\ud6c8\ub828\uc18c", "venue": "\uc11c\uc6b8\ud2b9\ubcc4\uc2dc \uc911\uad6c \ud1f4\uacc4\ub85c 226 \uc9c0\ubc88", "category": "\ubc18\ub824\ub3d9\ubb3c > \uc560\uacac\ud6c8\ub828", "tel": "010-2595-0109"}}, {"model": "themes.local", "pk": 225, "fields": {"title": "\ub3c5\ud2f0", "venue": "\uc11c\uc6b8\ud2b9\ubcc4\uc2dc \uc740\ud3c9\uad6c \uac08\ud604\ub85c47\uac00\uae38 33-1 \uc9c0\ubc88", "category": "\ubc18\ub824\ub3d9\ubb3c > \uc560\uacac\ud6c8\ub828", "tel": "070-8065-1753"}}, {"model": "themes.local", "pk": 226, "fields": {"title": "\uc11c\ucc3d\ubbfc\uc560\uacac\ucd9c\uc7a5\ud6c8\ub828\uc18c", "venue": "\uc11c\uc6b8\ud2b9\ubcc4\uc2dc \uc1a1\ud30c\uad6c \uc704\ub840\uc131\ub300\ub85c 112 \uc62c\ub9bc\ud53d\ud0c0\uc6cc \uc9c0\ubc88", "category": "\ubc18\ub824\ub3d9\ubb3c > \uc560\uacac\ud6c8\ub828", "tel": "031-8059-3845"}}, {"model": "themes.local", "pk": 227, "fields": {"title": "\ud3ab\uc744\ubd80\ud0c1\ud574", "venue": "\uc11c\uc6b8\ud2b9\ubcc4\uc2dc \uac15\ub0a8\uad6c \ub17c\ud604\ub85c124\uae38 21 \ube4401\ub3d9 2017\ud638 \uc9c0\ubc88", "category": "\ubc18\ub824\ub3d9\ubb3c > \uc560\uacac\ud6c8\ub828", "tel": "070-8876-8910"}}, {"model": "themes.local", "pk": 228, "fields": {"title": "\ub9c8\uc774\ucf69 \ucef4\ud37c\ub2c8", "venue": "\uc11c\uc6b8\ud2b9\ubcc4\uc2dc \uc131\ub3d9\uad6c \uc131\uc218\uc77c\ub85c11\uae38 15 \ub69d\uc12c\ub9ac\ubc84\ube4c 408\ud638 \uc9c0\ubc88", "category": "\ubc18\ub824\ub3d9\ubb3c > \uc560\uacac\ud6c8\ub828", "tel": "010-4470-9477"}}, {"model": "themes.local", "pk": 229, "fields": {"title": "\ud654\ud48d\uc774\uadc0\uc5ec\uc6cc", "venue": "\uc11c\uc6b8\ud2b9\ubcc4\uc2dc \uc1a1\ud30c\uad6c \uc624\uae08\ub85c16\uae38 6 1\uce35 \uc9c0\ubc88", "category": "\ubc18\ub824\ub3d9\ubb3c > \uc560\uacac\ud6c8\ub828", "tel": "010-0004-5781"}}, {"model": "themes.local", "pk": 230, "fields": {"title": "\uc81c\uc774\ud074\ub9ac\ucee4\uc544\uce74\ub370\ubbf8", "venue": "\uc11c\uc6b8\ud2b9\ubcc4\uc2dc \uae08\ucc9c\uad6c \uac00\uc0b0\ub514\uc9c0\ud1382\ub85c 98 IT\uce90\uc2ac 2\ub3d9 209\ud638 \uc9c0\ubc88", "category": "\ubc18\ub824\ub3d9\ubb3c > \uc560\uacac\ud6c8\ub828", "tel": "010-2996-2059"}}, {"model": "themes.local", "pk": 231, "fields": {"title": "\ud3ab\ucf00\uc5b4\ub098\uc640\ubd04", "venue": "\uc11c\uc6b8\ud2b9\ubcc4\uc2dc \uc911\ub791\uad6c \uba74\ubaa9\ub85c55\uac00\uae38 28 \uc9c0\ubc88", "category": "\ubc18\ub824\ub3d9\ubb3c > \uc560\uacac\ud6c8\ub828", "tel": "010-8888-2555"}}, {"model": "themes.local", "pk": 232, "fields": {"title": "IDTcenter", "venue": "\uc11c\uc6b8\ud2b9\ubcc4\uc2dc \uac15\ub0a8\uad6c \ud14c\ud5e4\ub780\ub85c 505 \uc2f9\ud0c0\uc6cc 10\uce35 1005\ud638 \uc9c0\ubc88", "category": "\ubc18\ub824\ub3d9\ubb3c > \uc560\uacac\ud6c8\ub828", "tel": "010-8862-7448"}}, {"model": "themes.local", "pk": 233, "fields": {"title": "\uc0ac\ub2e8\ubc95\uc778 \ud55c\uad6d\ubc18\ub824\uacac\ubb38\ud654\uad50\uc721\uc6d0", "venue": "\uc11c\uc6b8\ud2b9\ubcc4\uc2dc \uc911\uad6c \uc744\uc9c0\ub85c 109 \uce60\ubcf4\ube4c\ub529 4\uce35 406\ud638 \uc9c0\ubc88", "category": "\ubc18\ub824\ub3d9\ubb3c > \uc560\uacac\ud6c8\ub828", "tel": "02-8680-9877"}}, {"model": "themes.local", "pk": 234, "fields": {"title": "\uc804\ubd09\uc7ac\uc560\uacac\ucd9c\uc7a5\ud6c8\ub828\uc18c", "venue": "\uc11c\uc6b8\ud2b9\ubcc4\uc2dc \uc911\uad6c \ud1f4\uacc4\ub85c 115 \uc9c0\ubc88", "category": "\ubc18\ub824\ub3d9\ubb3c > \uc560\uacac\ud6c8\ub828", "tel": "070-8778-7577"}}, {"model": "themes.local", "pk": 235, "fields": {"title": "\ud669\uc11d\ucc2c\uc560\uacac\ucd9c\uc7a5\ud559\uad50", "venue": "\uc11c\uc6b8\ud2b9\ubcc4\uc2dc \uc591\ucc9c\uad6c \ubaa9\ub3d9\uc911\uc559\ubcf8\ub85c7\uae38 45 \ubaa9\ub3d9\ubcf4\ubbf8\ub9ac\uc98c\ube4c \uc9c0\ubc88", "category": "\ubc18\ub824\ub3d9\ubb3c > \uc560\uacac\ud6c8\ub828", "tel": "031-8059-3495"}}, {"model": "themes.local", "pk": 236, "fields": {"title": "\ud504\ub791\uc18c\uc640\ud3ab \uc544\uce74\ub370\ubbf8", "venue": "\uc11c\uc6b8\ud2b9\ubcc4\uc2dc \uc11c\ucd08\uad6c \uc11c\ub798\ub85c 47 \uc9c0\ud5581\uce35 \uc9c0\ubc88", "category": "\ubc18\ub824\ub3d9\ubb3c > \uc560\uacac\ud6c8\ub828", "tel": "02-535-3361"}}, {"model": "themes.local", "pk": 237, "fields": {"title": "\ub2e4\uc778\uc9c4\uc601", "venue": "\uc11c\uc6b8\ud2b9\ubcc4\uc2dc \ub178\uc6d0\uad6c \ub355\ub989\ub85c70\uac00\uae38 21 \uc9c0\ubc88", "category": "\ubc18\ub824\ub3d9\ubb3c > \uc560\uacac\ud6c8\ub828", "tel": "070-8882-1971"}}, {"model": "themes.local", "pk": 238, "fields": {"title": "\ud55c\uc591\uc560\uacac\ud559\uad50", "venue": "\uc11c\uc6b8\ud2b9\ubcc4\uc2dc \uac15\uc11c\uad6c \ub300\uc7a5\ub85c 39 \uc9c0\ubc88", "category": "\ubc18\ub824\ub3d9\ubb3c > \uc560\uacac\ud6c8\ub828", "tel": "\uc804\ud654\ubc88\ud638 \uc5c6\uc74c"}}, {"model": "themes.local", "pk": 239, "fields": {"title": "\ub9c8\uc74c\ud558\uc6b0\uc2a4", "venue": "\uc11c\uc6b8\ud2b9\ubcc4\uc2dc \uae08\ucc9c\uad6c \uac00\uc0b0\ub514\uc9c0\ud1382\ub85c 14 \uc9c0\ubc88", "category": "\ubc18\ub824\ub3d9\ubb3c > \uc560\uacac\ud6c8\ub828", "tel": "02-6343-7948"}}, {"model": "themes.local", "pk": 240, "fields": {"title": "\ud558\ub0a8\uc560\uacac \uc885\ub85c\uc9c0\uc810", "venue": "\uc11c\uc6b8\ud2b9\ubcc4\uc2dc \uc911\uad6c \ucc3d\uacbd\uad81\ub85c 18-1 \ubbf8\ub514\uc13c\ud0c0 \uc9c0\ubc88", "category": "\ubc18\ub824\ub3d9\ubb3c > \uc560\uacac\ud6c8\ub828", "tel": "010-9122-3788"}}, {"model": "themes.local", "pk": 241, "fields": {"title": "\ub3c4\ud0b9\uc5b4\ubc14\uc6c3", "venue": "\uc11c\uc6b8\ud2b9\ubcc4\uc2dc \uac15\ub0a8\uad6c \ub17c\ud604\ub85c 18 B1F \uc9c0\ubc88", "category": "\ubc18\ub824\ub3d9\ubb3c > \uc560\uacac\ud6c8\ub828", "tel": "010-2876-5087"}}, {"model": "themes.local", "pk": 242, "fields": {"title": "\uc5d0\ub4c0\ud3ab \ubc18\ub824\uacac\uc544\uce74\ub370\ubbf8", "venue": "\uc11c\uc6b8\ud2b9\ubcc4\uc2dc \uac15\ub3d9\uad6c \ub3d9\ub0a8\ub85c81\uae38 92 \uc9c0\ubc88", "category": "\ubc18\ub824\ub3d9\ubb3c > \uc560\uacac\ud6c8\ub828", "tel": "02-577-6884"}}, {"model": "themes.local", "pk": 243, "fields": {"title": "\ub3c4\uce58\ud038", "venue": "\uc11c\uc6b8\ud2b9\ubcc4\uc2dc \uae08\ucc9c\uad6c \uac00\uc0b0\ub514\uc9c0\ud1382\ub85c 70 \ub300\ub96d\ud14c\ud06c\ub178\ud0c0\uc6b419\ucc28 B108\ud638 \uc9c0\ubc88", "category": "\uc0dd\ud65c,\ud3b8\uc758 > \ubc18\ub824\ub3d9\ubb3c", "tel": "010-7338-0787"}}, {"model": "themes.local", "pk": 244, "fields": {"title": "\uc904\uc2a4 \uc774\uc0c9\uc560\uc644\ub3d9\ubb3c \ud30c\ucda9\ub958\uc0f5", "venue": "\uc11c\uc6b8\ud2b9\ubcc4\uc2dc \uc11c\ucd08\uad6c \uc11c\ucd08\ub300\ub85c 134 \uc9c0\ubc88", "category": "\ubc18\ub824\ub3d9\ubb3c > \ubc18\ub824\ub3d9\ubb3c\ubd84\uc591", "tel": "02-6071-9253"}}, {"model": "themes.local", "pk": 245, "fields": {"title": "\uce74\ud398\uac70\ubd80\uae30 \uc564 \ucfe0\ud3ab", "venue": "\uc11c\uc6b8\ud2b9\ubcc4\uc2dc \uac15\ub0a8\uad6c \ubd09\uc740\uc0ac\ub85c84\uae38 9 \uc11c\uacbd\ube4c\ub529 \uc9c0\ubc88", "category": "\ubc18\ub824\ub3d9\ubb3c > \ubc18\ub824\ub3d9\ubb3c\ubd84\uc591", "tel": "070-7709-8780"}}, {"model": "themes.local", "pk": 246, "fields": {"title": "\uac1c\uc2a4\ud0c0\uc77c101", "venue": "\uc11c\uc6b8\ud2b9\ubcc4\uc2dc \uac15\ub0a8\uad6c \ub3c4\uace1\ub85c13\uae38 19 \uc0c1\uac00\ub3d9 101-1\ud638 \uac1c\uc2a4\ud0c0\uc77c101 \uc9c0\ubc88", "category": "\ubc18\ub824\ub3d9\ubb3c > \ubc18\ub824\ub3d9\ubb3c\ubbf8\uc6a9", "tel": "02-501-1008"}}, {"model": "themes.local", "pk": 247, "fields": {"title": "\uac1c\uc2a4\ud0c0\uc77c", "venue": "\uc11c\uc6b8\ud2b9\ubcc4\uc2dc \uac15\ub0a8\uad6c \ubd09\uc740\uc0ac\ub85c55\uae38 24 1\uce35 \uac1c\uc2a4\ud0c0\uc77c \uc9c0\ubc88", "category": "\ubc18\ub824\ub3d9\ubb3c > \ubc18\ub824\ub3d9\ubb3c\ubbf8\uc6a9", "tel": "02-408-1001"}}, {"model": "themes.local", "pk": 248, "fields": {"title": "\ub3c4\uce58\uc57c", "venue": "\uc11c\uc6b8\ud2b9\ubcc4\uc2dc \uad00\uc545\uad6c \uc740\ucc9c\ub85c 182-1 \uc9c0\ubc88", "category": "\uc0dd\ud65c,\ud3b8\uc758 > \ubc18\ub824\ub3d9\ubb3c", "tel": "010-8304-1038"}}, {"model": "themes.local", "pk": 249, "fields": {"title": "\ud3f4\ub9ac\ud30c\ud06c \ud64d\ub300\uc810", "venue": "\uc11c\uc6b8\ud2b9\ubcc4\uc2dc \ub9c8\ud3ec\uad6c \ub3d9\uad50\ub85c 192-1 \uc9c0\ubc88", "category": "\uc1fc\ud551,\uc720\ud1b5 > \ubc18\ub824\ub3d9\ubb3c", "tel": "02-2069-3121"}}, {"model": "themes.local", "pk": 250, "fields": {"title": "\ub315\ub315\uc774 \ubbf8\uc6a9\uc2e4", "venue": "\uc11c\uc6b8\ud2b9\ubcc4\uc2dc \uc740\ud3c9\uad6c \uc11c\uc624\ub989\ub85c 29 \ub315\ub315\uc774\ubbf8\uc6a9\uc2e4 \uc9c0\ubc88", "category": "\ubc18\ub824\ub3d9\ubb3c > \ubc18\ub824\ub3d9\ubb3c\ubbf8\uc6a9", "tel": "010-9455-2052"}}, {"model": "themes.local", "pk": 251, "fields": {"title": "\ub3c4\uadf8\ud54f", "venue": "\uc11c\uc6b8\ud2b9\ubcc4\uc2dc \ub3d9\ub300\ubb38\uad6c \ud55c\ucc9c\ub85c6\uae38 47-8 1\uce35 \ub3c4\uadf8\ud54f \uc560\uacac\uc0f5 \uc9c0\ubc88", "category": "\ubc18\ub824\ub3d9\ubb3c > \ubc18\ub824\ub3d9\ubb3c\ubbf8\uc6a9", "tel": "02-2212-4847"}}, {"model": "themes.local", "pk": 252, "fields": {"title": "\ub2e4\uc628\ud3ab\uc0f5", "venue": "\uc11c\uc6b8\ud2b9\ubcc4\uc2dc \ub9c8\ud3ec\uad6c \uc2e0\ucd0c\ub85c14\uae38 20 \ud0dc\uc778\ube4c\ub529 \uc9c0\ubc88", "category": "\ubc18\ub824\ub3d9\ubb3c > \ubc18\ub824\ub3d9\ubb3c\ubbf8\uc6a9", "tel": "02-322-5585"}}, {"model": "themes.local", "pk": 253, "fields": {"title": "\ub2ec\uc774\ub124 \uc560\uacac\ubbf8\uc6a9\uc2e4", "venue": "\uc11c\uc6b8\ud2b9\ubcc4\uc2dc \uac15\ub0a8\uad6c \ud559\ub3d9\ub85c12\uae38 5 \uc9c0\ubc88", "category": "\ubc18\ub824\ub3d9\ubb3c > \ubc18\ub824\ub3d9\ubb3c\ubbf8\uc6a9", "tel": "02-394-3213"}}, {"model": "themes.local", "pk": 254, "fields": {"title": "\ubc84\ube14\ub9c1", "venue": "\uc11c\uc6b8\ud2b9\ubcc4\uc2dc \uad11\uc9c4\uad6c \uc790\uc591\ub85c2\uae38 6 \uc9c0\ubc88", "category": "\ubc18\ub824\ub3d9\ubb3c > \ubc18\ub824\ub3d9\ubb3c\ubbf8\uc6a9", "tel": "010-6702-4884"}}, {"model": "themes.local", "pk": 255, "fields": {"title": "\uc548\ub155\uac15\uc544\uc9c0\uc640\uace0\uc591\uc774", "venue": "\uc11c\uc6b8\ud2b9\ubcc4\uc2dc \uc1a1\ud30c\uad6c \ub9c8\ucc9c\ub85c 99 \uc9c0\ubc88", "category": "\ubc18\ub824\ub3d9\ubb3c > \ubc18\ub824\ub3d9\ubb3c\ubbf8\uc6a9", "tel": "02-400-0080"}}, {"model": "themes.local", "pk": 256, "fields": {"title": "\uc774\uc058\uac1c\uba4b\uc788\uac1c", "venue": "\uc11c\uc6b8\ud2b9\ubcc4\uc2dc \uad11\uc9c4\uad6c \uad70\uc790\ub85c 94 \uc9c0\ubc88", "category": "\ubc18\ub824\ub3d9\ubb3c > \ubc18\ub824\ub3d9\ubb3c\ubbf8\uc6a9", "tel": "02-6439-1253"}}, {"model": "themes.local", "pk": 257, "fields": {"title": "\ub77c\ub77c\ucea3", "venue": "\uc11c\uc6b8\ud2b9\ubcc4\uc2dc \uac15\ub0a8\uad6c \uc5ed\uc0bc\ub85c9\uae38 24 \uc9c0\ubc88", "category": "\ubc18\ub824\ub3d9\ubb3c > \ubc18\ub824\ub3d9\ubb3c\ubbf8\uc6a9", "tel": "02-501-7313"}}, {"model": "themes.local", "pk": 258, "fields": {"title": "\uc624\ub4dc\ub9ac\uc560\uacac\ubbf8\uc6a9\uc2e4", "venue": "\uc11c\uc6b8\ud2b9\ubcc4\uc2dc \uc1a1\ud30c\uad6c \uc11d\ucd0c\ud638\uc218\ub85c12\uae38 40 \ub450\ub098\ube4c\ub77c \uc9c0\ubc88", "category": "\ubc18\ub824\ub3d9\ubb3c > \ubc18\ub824\ub3d9\ubb3c\ubbf8\uc6a9", "tel": "02-425-5201"}}, {"model": "themes.local", "pk": 259, "fields": {"title": "\ubc14\ub974\ub2e4\ud3ab \uc7a5\uc548\uc810", "venue": "\uc11c\uc6b8\ud2b9\ubcc4\uc2dc \ub3d9\ub300\ubb38\uad6c \uc0ac\uac00\uc815\ub85c25\uae38 41 \uc0c1\uac001\uce35 \ubc14\ub974\ub2e4\ud3ab \uc7a5\uc548\uc810 \uc9c0\ubc88", "category": "\ubc18\ub824\ub3d9\ubb3c > \ubc18\ub824\ub3d9\ubb3c\ubbf8\uc6a9", "tel": "070-7799-8956"}}, {"model": "themes.local", "pk": 260, "fields": {"title": "\ud398\uc2a4\uce04\ub9ac", "venue": "\uc11c\uc6b8\ud2b9\ubcc4\uc2dc \uac15\ub0a8\uad6c \uc5ed\uc0bc\ub85c 156 \ud0dc\uad11\ube4c\ub529 102\ud638 \uc9c0\ubc88", "category": "\ubc18\ub824\ub3d9\ubb3c > \ubc18\ub824\ub3d9\ubb3c\ubbf8\uc6a9", "tel": "02-842-8183"}}, {"model": "themes.local", "pk": 261, "fields": {"title": "\uc62c\ub9ac\uc2a424\uc2dc\uc560\uacac\uc140\ud504\ubaa9\uc695 \ubc29\uc774\uc810", "venue": "\uc11c\uc6b8\ud2b9\ubcc4\uc2dc \uc1a1\ud30c\uad6c \uc704\ub840\uc131\ub300\ub85c12\uae38 34 1\uce35 104\ud638 \uc9c0\ubc88", "category": "\ubc18\ub824\ub3d9\ubb3c > \ubc18\ub824\ub3d9\ubb3c\ubbf8\uc6a9", "tel": "010-8734-8589"}}, {"model": "themes.local", "pk": 262, "fields": {"title": "\uc870\uc774\ud53c\uc544", "venue": "\uc11c\uc6b8\ud2b9\ubcc4\uc2dc \uac15\ub0a8\uad6c \uc5b8\uc8fc\ub85c106\uae38 13 1\uce35 \uc870\uc774\ud53c\uc544 \uc9c0\ubc88", "category": "\ubc18\ub824\ub3d9\ubb3c > \ubc18\ub824\ub3d9\ubb3c\ubbf8\uc6a9", "tel": "02-6497-3633"}}, {"model": "themes.local", "pk": 263, "fields": {"title": "\uac15\uc544\uc9c0\ub180\uc774\ud130", "venue": "\uc11c\uc6b8\ud2b9\ubcc4\uc2dc \uad11\uc9c4\uad6c \uc544\ucc28\uc0b0\ub85c 458 2\uce35 \uc9c0\ubc88", "category": "\ubc18\ub824\ub3d9\ubb3c > \ubc18\ub824\ub3d9\ubb3c\ubbf8\uc6a9", "tel": "02-455-5582"}}, {"model": "themes.local", "pk": 264, "fields": {"title": "\uba4d\ubc15\uc2a424 \uc560\uacac\uc140\ud504\ubaa9\uc695 & \ubb34\uc778\uce74\ud398", "venue": "\uc11c\uc6b8\ud2b9\ubcc4\uc2dc \uc131\ubd81\uad6c \ubcf4\ubb38\ub85c34\uae38 39 2\uce35 \uba4d\ubc15\uc2a4 \uc9c0\ubc88", "category": "\ubc18\ub824\ub3d9\ubb3c > \ubc18\ub824\ub3d9\ubb3c\ubbf8\uc6a9", "tel": "010-3940-8525"}}, {"model": "themes.local", "pk": 265, "fields": {"title": "\ud50c\ub77c\uc774\ud50c\ub77c\uc789", "venue": "\uc11c\uc6b8\ud2b9\ubcc4\uc2dc \uc11c\ucd08\uad6c \uc11c\ub798\ub85c8\uae38 18 FLY FLYING \uc9c0\ubc88", "category": "\ubc18\ub824\ub3d9\ubb3c > \ubc18\ub824\ub3d9\ubb3c\ubbf8\uc6a9", "tel": "02-872-9666"}}, {"model": "themes.local", "pk": 266, "fields": {"title": "\ub108\uc560\uac1c", "venue": "\uc11c\uc6b8\ud2b9\ubcc4\uc2dc \uc591\ucc9c\uad6c \uc624\ubaa9\ub85c 16-1 1\uce35 \ub108\uc560\uac1c \uc9c0\ubc88", "category": "\ubc18\ub824\ub3d9\ubb3c > \ubc18\ub824\ub3d9\ubb3c\ubbf8\uc6a9", "tel": "010-3718-0209"}}, {"model": "themes.local", "pk": 267, "fields": {"title": "\uc544\uc9c0\ucf00\uc5b4", "venue": "\uc11c\uc6b8\ud2b9\ubcc4\uc2dc \uac15\ub0a8\uad6c \uac15\ub0a8\ub300\ub85c118\uae38 53 \uc9c0\ubc88", "category": "\ubc18\ub824\ub3d9\ubb3c > \ubc18\ub824\ub3d9\ubb3c\ubbf8\uc6a9", "tel": "080-803-8003"}}, {"model": "themes.local", "pk": 268, "fields": {"title": "\ub3c4\ub9ac\ub3c4\ub9ac\ud3ab\uc0f5", "venue": "\uc11c\uc6b8\ud2b9\ubcc4\uc2dc \uc740\ud3c9\uad6c \uc751\uc554\ub85c 279 \uc9c0\ubc88", "category": "\ubc18\ub824\ub3d9\ubb3c > \ubc18\ub824\ub3d9\ubb3c\ubbf8\uc6a9", "tel": "02-357-2589"}}, {"model": "themes.local", "pk": 269, "fields": {"title": "\uc6b0\ucb48\ucb48", "venue": "\uc11c\uc6b8\ud2b9\ubcc4\uc2dc \uc6a9\uc0b0\uad6c \ubcf4\uad11\ub85c55\uae38 7 \uc9c0\ubc88", "category": "\ubc18\ub824\ub3d9\ubb3c > \ubc18\ub824\ub3d9\ubb3c\ubbf8\uc6a9", "tel": "02-6212-7411"}}, {"model": "themes.local", "pk": 270, "fields": {"title": "\uce74\ub098\ube44\uc2a4\ud3ab", "venue": "\uc11c\uc6b8\ud2b9\ubcc4\uc2dc \uad11\uc9c4\uad6c \ucc9c\ud638\ub300\ub85c101\uae38 29 \uc9c0\ubc88", "category": "\ubc18\ub824\ub3d9\ubb3c > \ubc18\ub824\ub3d9\ubb3c\ubbf8\uc6a9", "tel": "010-4844-5170"}}, {"model": "themes.local", "pk": 271, "fields": {"title": "\ub178\ub791\uac15\uc544\uc9c0", "venue": "\uc11c\uc6b8\ud2b9\ubcc4\uc2dc \uac15\ub3d9\uad6c \uc9c4\ud669\ub3c4\ub85c 27-1 \uc9c0\ubc88", "category": "\ubc18\ub824\ub3d9\ubb3c > \ubc18\ub824\ub3d9\ubb3c\ubbf8\uc6a9", "tel": "010-3395-1066"}}, {"model": "themes.local", "pk": 272, "fields": {"title": "\uc288\uc288\ud3ab\uc0b4\ub871", "venue": "\uc11c\uc6b8\ud2b9\ubcc4\uc2dc \ub3d9\uc791\uad6c \ub300\ub9bc\ub85c 41 \uc9c0\ubc88", "category": "\ubc18\ub824\ub3d9\ubb3c > \ubc18\ub824\ub3d9\ubb3c\ubbf8\uc6a9", "tel": "02-6105-0509"}}, {"model": "themes.local", "pk": 273, "fields": {"title": "\ubabd\uc2a4\ud30c \ubaa9\ub3d9\uc810", "venue": "\uc11c\uc6b8\ud2b9\ubcc4\uc2dc \uc591\ucc9c\uad6c \ubaa9\ub3d9\uc11c\ub85c 170 \ud648\ud50c\ub7ec\uc2a4 \ubaa9\ub3d9\uc810 3\uce35 \uc9c0\ubc88", "category": "\ubc18\ub824\ub3d9\ubb3c > \ubc18\ub824\ub3d9\ubb3c\ubbf8\uc6a9", "tel": "02-2648-3828"}}, {"model": "themes.local", "pk": 274, "fields": {"title": "\uac15\uc544\uc9c0\uc720\uce58\uc6d0 \ud37c\ud53c\uc2a4\ucfe8", "venue": "\uc11c\uc6b8\ud2b9\ubcc4\uc2dc \uac15\ub0a8\uad6c \ubd09\uc740\uc0ac\ub85c104\uae38 10 \ub3d9\ud654\ube4c\ub529 4\uce35 \uc9c0\ubc88", "category": "\uc0dd\ud65c,\ud3b8\uc758 > \ubc18\ub824\ub3d9\ubb3c", "tel": "02-554-2010"}}, {"model": "themes.local", "pk": 275, "fields": {"title": "\ubc14\ub974\ub2e4\ud3ab \uafc8\uc758\uc232\uc810", "venue": "\uc11c\uc6b8\ud2b9\ubcc4\uc2dc \uc131\ubd81\uad6c \ub3cc\uacf6\uc774\ub85c 220 \ucf54\uc624\ub871\ud558\ub298\ucc44 \uc0c1\uac00 104\ub3d9 109\ud638 \uc9c0\ubc88", "category": "\ubc18\ub824\ub3d9\ubb3c > \ubc18\ub824\ub3d9\ubb3c\ubbf8\uc6a9", "tel": "02-909-0552"}}, {"model": "themes.local", "pk": 276, "fields": {"title": "\uc560\ub2c8\ubab0\ud30c\ud06c", "venue": "\uc11c\uc6b8\ud2b9\ubcc4\uc2dc \uac15\ubd81\uad6c \ub3c4\ubd09\ub85c96\uae38 95 \uc9c0\ubc88", "category": "\uc0dd\ud65c,\ud3b8\uc758 > \ubc18\ub824\ub3d9\ubb3c", "tel": "02-902-9097"}}, {"model": "themes.local", "pk": 277, "fields": {"title": "\uc560\uacac\ubbf8\uc6a9 \uacac\ucd9c\uc9c0 \ub178\uc6d0\uc810", "venue": "\uc11c\uc6b8\ud2b9\ubcc4\uc2dc \ub178\uc6d0\uad6c \ub3d9\uc77c\ub85c 1541 11\ub2e8\uc9c0\uc885\ud569\uc0c1\uac00 2\uce35 \uc9c0\ubc88", "category": "\ubc18\ub824\ub3d9\ubb3c > \ubc18\ub824\ub3d9\ubb3c\ubbf8\uc6a9", "tel": "010-7100-1624"}}, {"model": "themes.local", "pk": 278, "fields": {"title": "\ucf54\ucf54\ud37c\ud53c", "venue": "\uc11c\uc6b8\ud2b9\ubcc4\uc2dc \uac15\ubd81\uad6c \uc624\ud604\ub85c 56 \uafc8\uc758\uc232 \ub86f\ub370\uce90\uc2ac 101\ub3d9 4\ud638 \uc9c0\ubc88", "category": "\ubc18\ub824\ub3d9\ubb3c > \ubc18\ub824\ub3d9\ubb3c\ubbf8\uc6a9", "tel": "02-980-9589"}}, {"model": "themes.local", "pk": 279, "fields": {"title": "\ud50c\ub7ec\ud53c", "venue": "\uc11c\uc6b8\ud2b9\ubcc4\uc2dc \uac15\ub0a8\uad6c \ub3c4\uc0b0\ub300\ub85c85\uae38 30 \uc2e0\uc6d0\uc544\uce68\ub3c4\uc2dc\ub9c8\uc778 \uc0c1\uac00 1\uce35 133\ud638 \uc9c0\ubc88", "category": "\ubc18\ub824\ub3d9\ubb3c > \ubc18\ub824\ub3d9\ubb3c\ubbf8\uc6a9", "tel": "02-514-0010"}}, {"model": "themes.local", "pk": 280, "fields": {"title": "\uadf8\ub85c\uc789\ub3c5", "venue": "\uc11c\uc6b8\ud2b9\ubcc4\uc2dc \uac15\uc11c\uad6c \ud654\uace1\ub85c21\uae38 78 1\uce35 \uadf8\ub85c\uc789\ub3c5 \uc9c0\ubc88", "category": "\ubc18\ub824\ub3d9\ubb3c > \ubc18\ub824\ub3d9\ubb3c\ubbf8\uc6a9", "tel": "02-2602-3666"}}, {"model": "themes.local", "pk": 281, "fields": {"title": "\ub514\uc5b4\ubabd", "venue": "\uc11c\uc6b8\ud2b9\ubcc4\uc2dc \uad00\uc545\uad6c \ub09c\uace1\ub85c63\uae38 6 1\uce35 \uc9c0\ubc88", "category": "\ubc18\ub824\ub3d9\ubb3c > \ubc18\ub824\ub3d9\ubb3c\ubbf8\uc6a9", "tel": "02-838-2922"}}, {"model": "themes.local", "pk": 282, "fields": {"title": "\ud3ab\ub2e4\uc774\uc5b4\ub9ac", "venue": "\uc11c\uc6b8\ud2b9\ubcc4\uc2dc \ub9c8\ud3ec\uad6c \ubc29\uc6b8\ub0b4\ub85c 44 \uc9c0\ubc88", "category": "\ubc18\ub824\ub3d9\ubb3c > \ubc18\ub824\ub3d9\ubb3c\ubbf8\uc6a9", "tel": "010-4205-0548"}}, {"model": "themes.local", "pk": 283, "fields": {"title": "\uc559\uaf2c\ub124\uac15\uc544\uc9c0\ubbf8\uc6a9\uc2e4", "venue": "\uc11c\uc6b8\ud2b9\ubcc4\uc2dc \uc131\ub3d9\uad6c \uc655\uc2ed\ub9ac\ub85c 286 1\uce35 \uc9c0\ubc88", "category": "\ubc18\ub824\ub3d9\ubb3c > \ubc18\ub824\ub3d9\ubb3c\ubbf8\uc6a9", "tel": "02-2295-4560"}}, {"model": "themes.local", "pk": 284, "fields": {"title": "\ub3c4\uadf8\ub137 \uc560\uacac\ubbf8\uc6a9\uc2e4", "venue": "\uc11c\uc6b8\ud2b9\ubcc4\uc2dc \uad00\uc545\uad6c \uc7a5\uad70\ubd091\uae38 36 \uc9c0\ubc88", "category": "\ubc18\ub824\ub3d9\ubb3c > \ubc18\ub824\ub3d9\ubb3c\ubbf8\uc6a9", "tel": "02-888-9556"}}, {"model": "themes.local", "pk": 285, "fields": {"title": "\uc544\uc784\uba4d\ubbf8\uc6a9", "venue": "\uc11c\uc6b8\ud2b9\ubcc4\uc2dc \uac15\uc11c\uad6c \ub9c8\uace1\uc11c\ub85c 158 213\ud638 \uc9c0\ubc88", "category": "\ubc18\ub824\ub3d9\ubb3c > \ubc18\ub824\ub3d9\ubb3c\ubbf8\uc6a9", "tel": "02-2668-8637"}}, {"model": "themes.local", "pk": 286, "fields": {"title": "\ud56bDog 1\ud638\uc810", "venue": "\uc11c\uc6b8\ud2b9\ubcc4\uc2dc \uac15\ubd81\uad6c \ub178\ud574\ub85c11\uae38 41 \uc9c0\ubc88", "category": "\ubc18\ub824\ub3d9\ubb3c > \ubc18\ub824\ub3d9\ubb3c\ubbf8\uc6a9", "tel": "070-8264-7129"}}, {"model": "themes.local", "pk": 287, "fields": {"title": "\uc548\uc544\uc904\uac1c", "venue": "\uc11c\uc6b8\ud2b9\ubcc4\uc2dc \uac15\ub3d9\uad6c \uace0\ub355\ub85c 140 \ud504\ub77c\uc774\uc5b4\ud330\ub9ac\uc2a4 \uc9c0\ubc88", "category": "\ubc18\ub824\ub3d9\ubb3c > \ubc18\ub824\ub3d9\ubb3c\ubbf8\uc6a9", "tel": "02-429-2428"}}, {"model": "themes.local", "pk": 288, "fields": {"title": "\uc11c\uc6b8\ub3d9\ubb3c\ubcf5\uc9c0\uc9c0\uc6d0\uc13c\ud130", "venue": "\uc11c\uc6b8\ud2b9\ubcc4\uc2dc \ub9c8\ud3ec\uad6c \ub9e4\ubd09\uc0b0\ub85c 31 \uc9c0\ubc88", "category": "\uc0dd\ud65c,\ud3b8\uc758 > \ubc18\ub824\ub3d9\ubb3c", "tel": "02-2124-2839"}}, {"model": "themes.local", "pk": 289, "fields": {"title": "\uc544\uc774\ub7ec\ube0c\ub3c5 \uc560\uacac\ubbf8\uc6a9\uc2e4", "venue": "\uc11c\uc6b8\ud2b9\ubcc4\uc2dc \uc591\ucc9c\uad6c \uc740\ud589\uc815\ub85c 54 \uc9c0\ubc88", "category": "\ubc18\ub824\ub3d9\ubb3c > \ubc18\ub824\ub3d9\ubb3c\ubbf8\uc6a9", "tel": "02-2603-5263"}}, {"model": "themes.local", "pk": 290, "fields": {"title": "\ud37c\ud53c\ucf54\ub9ac\uc544 \uace0\uc591\uc774\ubbf8\uc6a9\uc2e4", "venue": "\uc11c\uc6b8\ud2b9\ubcc4\uc2dc \uc911\ub791\uad6c \uacb8\uc7ac\ub85c29\uae38 78 \uc9c0\ubc88", "category": "\ubc18\ub824\ub3d9\ubb3c > \ubc18\ub824\ub3d9\ubb3c\ubbf8\uc6a9", "tel": "010-2371-7754"}}, {"model": "themes.local", "pk": 291, "fields": {"title": "\ub2e4\uc62c", "venue": "\uc11c\uc6b8\ud2b9\ubcc4\uc2dc \uac15\ub0a8\uad6c \ub3c4\uc0b0\ub300\ub85c96\uae38 39 \ub2e4\uc62c \uc9c0\ubc88", "category": "\ubc18\ub824\ub3d9\ubb3c > \ubc18\ub824\ub3d9\ubb3c\ubbf8\uc6a9", "tel": "02-3453-0001"}}, {"model": "themes.local", "pk": 292, "fields": {"title": "\uc544\uc9c0\uc6d0", "venue": "\uc11c\uc6b8\ud2b9\ubcc4\uc2dc \uac15\ub0a8\uad6c \ub3c4\uc0b0\ub300\ub85c96\uae38 13 \uc9c0\ubc88", "category": "\ubc18\ub824\ub3d9\ubb3c > \ubc18\ub824\ub3d9\ubb3c\ud638\ud154", "tel": "02-540-1955"}}, {"model": "themes.local", "pk": 293, "fields": {"title": "MM\uc560\uacac\uacf5\ubc29", "venue": "\uc11c\uc6b8\ud2b9\ubcc4\uc2dc \uc1a1\ud30c\uad6c \ubc31\uc81c\uace0\ubd84\ub85c 165 \uc11c\ub3c4\ube4c\ub529 \uc9c0\ubc88", "category": "\ubc18\ub824\ub3d9\ubb3c > \ubc18\ub824\ub3d9\ubb3c\ubbf8\uc6a9", "tel": "02-418-5559"}}, {"model": "themes.local", "pk": 294, "fields": {"title": "\uac1c\ucf54\ub124 \uae38\ub3d9\uc810", "venue": "\uc11c\uc6b8\ud2b9\ubcc4\uc2dc \uac15\ub3d9\uad6c \uc591\uc7ac\ub300\ub85c124\uae38 41 \uc131\uc6d0\ube4c\ub529 1\uce35 104\ud638 \uc9c0\ubc88", "category": "\ubc18\ub824\ub3d9\ubb3c > \ubc18\ub824\ub3d9\ubb3c\ubbf8\uc6a9", "tel": "02-476-7700"}}, {"model": "themes.local", "pk": 295, "fields": {"title": "\uc624\ub298\ub3c4\uc608\uc058\uac1c", "venue": "\uc11c\uc6b8\ud2b9\ubcc4\uc2dc \ub178\uc6d0\uad6c \ub3d9\uc77c\ub85c237\uae38 58 \uc9c0\ubc88", "category": "\ubc18\ub824\ub3d9\ubb3c > \ubc18\ub824\ub3d9\ubb3c\ubbf8\uc6a9", "tel": "010-8831-5967"}}, {"model": "themes.local", "pk": 296, "fields": {"title": "\ud5ec\ub85c\uc6b0\ub3c4\uce58", "venue": "\uc11c\uc6b8\ud2b9\ubcc4\uc2dc \uc11c\ucd08\uad6c \ud6a8\ub839\ub85c 316 \uc9c0\ubc88", "category": "\ubc18\ub824\ub3d9\ubb3c > \ubc18\ub824\ub3d9\ubb3c\ubd84\uc591", "tel": "010-3123-3115"}}, {"model": "themes.local", "pk": 297, "fields": {"title": "\ub098\ub098\ub9ac\ud3ab\ud558\uc6b0\uc2a4", "venue": "\uc11c\uc6b8\ud2b9\ubcc4\uc2dc \uc11c\ucd08\uad6c \ub3d9\uc0b0\ub85c12\uae38 3 \uc9c0\ubc88", "category": "\ubc18\ub824\ub3d9\ubb3c > \ubc18\ub824\ub3d9\ubb3c\ud638\ud154", "tel": "02-448-1108"}}, {"model": "themes.local", "pk": 298, "fields": {"title": "\ud150\uc988\ud790\uc560\uacac\ubbf8\uc6a9", "venue": "\uc11c\uc6b8\ud2b9\ubcc4\uc2dc \uc131\ub3d9\uad6c \ub9c8\uc7a5\ub85c 137 \ud150\uc988\ud790 \uc0c1\uac00 1\uce35 213\ub3d9 114\ud638 \uc9c0\ubc88", "category": "\ubc18\ub824\ub3d9\ubb3c > \ubc18\ub824\ub3d9\ubb3c\ubbf8\uc6a9", "tel": "010-7417-7924"}}, {"model": "themes.local", "pk": 299, "fields": {"title": "\uc648\ub3c5", "venue": "\uc11c\uc6b8\ud2b9\ubcc4\uc2dc \ub3c4\ubd09\uad6c \ub3c4\ubd09\ub85c 586 3\uce35 \uc648\ub3c5 \uc9c0\ubc88", "category": "\ubc18\ub824\ub3d9\ubb3c > \ubc18\ub824\ub3d9\ubb3c\ud638\ud154", "tel": "010-6805-4481"}}, {"model": "themes.local", "pk": 300, "fields": {"title": "\ube14\ub77c\uc378\ub3c5", "venue": "\uc11c\uc6b8\ud2b9\ubcc4\uc2dc \uae08\ucc9c\uad6c \ubc9a\uaf43\ub85c 30 \uae08\ucc9c\ub86f\ub370\uce90\uc2ac\uace8\ub4dc\ud30c\ud06c 2\ucc28 142\ud638 \ube14\ub77c\uc378\ub3c5 \uc9c0\ubc88", "category": "\ubc18\ub824\ub3d9\ubb3c > \ubc18\ub824\ub3d9\ubb3c\ubbf8\uc6a9", "tel": "02-808-0414"}}, {"model": "themes.local", "pk": 301, "fields": {"title": "\uc190\uc218\ud558\ub2e4", "venue": "\uc11c\uc6b8\ud2b9\ubcc4\uc2dc \ub178\uc6d0\uad6c \uacf5\ub989\ub85c 123 1\uce35 \uc9c0\ubc88", "category": "\ubc18\ub824\ub3d9\ubb3c > \ubc18\ub824\ub3d9\ubb3c\ubbf8\uc6a9", "tel": "02-979-5663"}}, {"model": "themes.local", "pk": 302, "fields": {"title": "\ub3c4\uadf8\uc6d0 \uc560\uacac\ud638\ud154", "venue": "\uc11c\uc6b8\ud2b9\ubcc4\uc2dc \uc740\ud3c9\uad6c \uc5f0\uc11c\ub85c29\uae38 24 \uc815\uc6b4\ube4c\ub529 \uc9c0\ubc88", "category": "\ubc18\ub824\ub3d9\ubb3c > \ubc18\ub824\ub3d9\ubb3c\ud638\ud154", "tel": "02-381-8990"}}, {"model": "themes.local", "pk": 303, "fields": {"title": "\ubaa9\uc695\ud558\ub294 \uac15\uc544\uc9c0", "venue": "\uc11c\uc6b8\ud2b9\ubcc4\uc2dc \ub9c8\ud3ec\uad6c \ub3c5\ub9c9\ub85c28\uae38 7 \uc131\uc6d0\uc544\ud30c\ud2b8 101\ub3d9\uc0c1\uac00 \uc81c104\ud638 \uc9c0\ubc88", "category": "\ubc18\ub824\ub3d9\ubb3c > \ubc18\ub824\ub3d9\ubb3c\ubbf8\uc6a9", "tel": "02-716-5639"}}, {"model": "themes.local", "pk": 304, "fields": {"title": "\ub2e4\uc990\ub9c1", "venue": "\uc11c\uc6b8\ud2b9\ubcc4\uc2dc \uc601\ub4f1\ud3ec\uad6c \uc2e0\uae38\ub85c 119 1\uce35 121\ud638 \uc9c0\ubc88", "category": "\ubc18\ub824\ub3d9\ubb3c > \ubc18\ub824\ub3d9\ubb3c\ubbf8\uc6a9", "tel": "010-4674-1253"}}, {"model": "themes.local", "pk": 305, "fields": {"title": "\ud3ab\ub9c8\ud2b8 \ud64d\uc740\uc810", "venue": "\uc11c\uc6b8\ud2b9\ubcc4\uc2dc \uc11c\ub300\ubb38\uad6c \uac00\uc88c\ub85c 110 \ud3ab\ub9c8\ud2b8 \ud64d\uc740\uc810 \uc9c0\ubc88", "category": "\uc1fc\ud551,\uc720\ud1b5 > \ubc18\ub824\ub3d9\ubb3c", "tel": "02-372-1550"}}, {"model": "themes.local", "pk": 306, "fields": {"title": "\ud3ab\ud504\ub79c\ub4dc", "venue": "\uc11c\uc6b8\ud2b9\ubcc4\uc2dc \uc1a1\ud30c\uad6c \ubc31\uc81c\uace0\ubd84\ub85c9\uae38 53 \uc9c0\ubc88", "category": "\ubc18\ub824\ub3d9\ubb3c > \ubc18\ub824\ub3d9\ubb3c\ubbf8\uc6a9", "tel": "070-4300-1238"}}, {"model": "themes.local", "pk": 307, "fields": {"title": "\uac1c\uad6c\uc7c1\uc774", "venue": "\uc11c\uc6b8\ud2b9\ubcc4\uc2dc \ub3d9\uc791\uad6c \ub9e4\ubd09\ub85c 169 \uc9c0\ubc88", "category": "\ubc18\ub824\ub3d9\ubb3c > \ubc18\ub824\ub3d9\ubb3c\ubbf8\uc6a9", "tel": "02-3477-9597"}}, {"model": "themes.local", "pk": 308, "fields": {"title": "\ub354\ubca0\uc2a4\ud2b8\ud31c \ud30c\ucda9\ub958 \uc0f5", "venue": "\uc11c\uc6b8\ud2b9\ubcc4\uc2dc \uad00\uc545\uad6c \ubd09\ucc9c\ub85c41\uae38 34 \uc9c0\ud5581\uce35 \uc9c0\ubc88", "category": "\ubc18\ub824\ub3d9\ubb3c > \ubc18\ub824\ub3d9\ubb3c\ubd84\uc591", "tel": "010-3172-0218"}}, {"model": "themes.local", "pk": 309, "fields": {"title": "\uc544\uc774\ub7ec\ube0c\ub3c4\uadf8", "venue": "\uc11c\uc6b8\ud2b9\ubcc4\uc2dc \uad00\uc545\uad6c \uad00\uc545\ub85c 271 \uc9c0\ubc88", "category": "\ubc18\ub824\ub3d9\ubb3c > \ubc18\ub824\ub3d9\ubb3c\ubbf8\uc6a9", "tel": "02-888-8774"}}, {"model": "themes.local", "pk": 310, "fields": {"title": "\uc62c\ub9ac\uc2a4 \uc560\uacac\uc140\ud504\ubaa9\uc695 & \ud3ab\uc0b4\ub871\ubbf8\uc6a9", "venue": "\uc11c\uc6b8\ud2b9\ubcc4\uc2dc \uad11\uc9c4\uad6c \uc790\uc591\ub85c 208 1\uce35 \uc6b0\uce21 1\ud638 \uc9c0\ubc88", "category": "\ubc18\ub824\ub3d9\ubb3c > \ubc18\ub824\ub3d9\ubb3c\ubbf8\uc6a9", "tel": "0505-170-0427"}}, {"model": "themes.local", "pk": 311, "fields": {"title": "\uc6b0\uc544\ud558\uac1c", "venue": "\uc11c\uc6b8\ud2b9\ubcc4\uc2dc \uad11\uc9c4\uad6c \ub2a5\ub3d9\ub85c32\uae38 5 \uc9c0\ubc88", "category": "\ubc18\ub824\ub3d9\ubb3c > \ubc18\ub824\ub3d9\ubb3c\ubbf8\uc6a9", "tel": "02-2201-5420"}}, {"model": "themes.local", "pk": 312, "fields": {"title": "\ud551\ud06c\uba4d\uc560\uacac\ubbf8\uc6a9\uc2e4", "venue": "\uc11c\uc6b8\ud2b9\ubcc4\uc2dc \uac15\ubd81\uad6c \uc0bc\uc591\ub85c19\uae38 157 1\uce35 103\ud638 \ud551\ud06c\uba4d \uc9c0\ubc88", "category": "\ubc18\ub824\ub3d9\ubb3c > \ubc18\ub824\ub3d9\ubb3c\ubbf8\uc6a9", "tel": "010-4467-1811"}}, {"model": "themes.local", "pk": 313, "fields": {"title": "\ud3ab\ubc84\uc2a4", "venue": "\uc11c\uc6b8\ud2b9\ubcc4\uc2dc \ub9c8\ud3ec\uad6c \ub9dd\uc6d0\ub85c 7-1 \ud3ab\ubc84\uc2a4 \uc9c0\ubc88", "category": "\ubc18\ub824\ub3d9\ubb3c > \ubc18\ub824\ub3d9\ubb3c\ubbf8\uc6a9", "tel": "02-336-3025"}}, {"model": "themes.local", "pk": 314, "fields": {"title": "\ub9c8\uc774\ubdf0\ud2f0\ub3c5", "venue": "\uc11c\uc6b8\ud2b9\ubcc4\uc2dc \uc740\ud3c9\uad6c \uc9c4\uad00\ub3d9 79-15 \ub86f\ub370\ub9c8\ud2b8 2\uce35", "category": "\ubc18\ub824\ub3d9\ubb3c > \ubc18\ub824\ub3d9\ubb3c\ubbf8\uc6a9", "tel": "02-2097-2663"}}, {"model": "themes.local", "pk": 315, "fields": {"title": "\ubc14\ub974\ub2e4\ud3ab \uc911\ud654\uc810", "venue": "\uc11c\uc6b8\ud2b9\ubcc4\uc2dc \uc911\ub791\uad6c \ubd09\ud654\uc0b0\ub85c 52 \uc6a9\uc6b0\ube4c\ub529 1\uce35 \uc9c0\ubc88", "category": "\ubc18\ub824\ub3d9\ubb3c > \ubc18\ub824\ub3d9\ubb3c\ubbf8\uc6a9", "tel": "070-8119-7877"}}, {"model": "themes.local", "pk": 316, "fields": {"title": "\ud3ab\uafb8\ubc08", "venue": "\uc11c\uc6b8\ud2b9\ubcc4\uc2dc \uac15\ub0a8\uad6c \ubc24\uace0\uac1c\ub85c 219 \uac15\ub0a8\ube14\ub8e8\uc9c0\uc6c0 \uc0c1\uac00 106\ud638 \uc9c0\ubc88", "category": "\ubc18\ub824\ub3d9\ubb3c > \ubc18\ub824\ub3d9\ubb3c\ubbf8\uc6a9", "tel": "02-445-6900"}}, {"model": "themes.local", "pk": 317, "fields": {"title": "\uba4d\ucc0c\ub124\ud558\uc6b0\uc2a4", "venue": "\uc11c\uc6b8\ud2b9\ubcc4\uc2dc \uc1a1\ud30c\uad6c \uc911\ub300\ub85c16\uae38 19-10 \uc9c0\ubc88", "category": "\ubc18\ub824\ub3d9\ubb3c > \ubc18\ub824\ub3d9\ubb3c\ud638\ud154", "tel": "010-6247-7125"}}, {"model": "themes.local", "pk": 318, "fields": {"title": "\uc560\uacac\ub180\uc774\ud130", "venue": "\uc11c\uc6b8\ud2b9\ubcc4\uc2dc \ub3c4\ubd09\uad6c \ub178\ud574\ub85c41\uae38 9 \uc9c0\ubc88", "category": "\ubc18\ub824\ub3d9\ubb3c > \ubc18\ub824\ub3d9\ubb3c\ubbf8\uc6a9", "tel": "02-991-8225"}}, {"model": "themes.local", "pk": 319, "fields": {"title": "\uc774\ub4e0\ubc18\ub824\uacac\ubb38\ud654\uc13c\ud130", "venue": "\uc11c\uc6b8\ud2b9\ubcc4\uc2dc \uc591\ucc9c\uad6c \uc740\ud589\uc815\ub85c 94 2\uce35 \uc9c0\ubc88", "category": "\ubc18\ub824\ub3d9\ubb3c > \ubc18\ub824\ub3d9\ubb3c\ud638\ud154", "tel": "010-4660-4021"}}, {"model": "themes.local", "pk": 320, "fields": {"title": "\uadf8\ub0e5\uc810\ub840", "venue": "\uc11c\uc6b8\ud2b9\ubcc4\uc2dc \ub9c8\ud3ec\uad6c \ud3ec\uc740\ub85c 71 \uc9c0\ubc88", "category": "\uc0dd\ud65c,\ud3b8\uc758 > \ubc18\ub824\ub3d9\ubb3c", "tel": "010-9494-7507"}}, {"model": "themes.local", "pk": 321, "fields": {"title": "\ub2e4\ub2e4\ub2e4\ud3ab\uadf8\ub8e8\ubc0d", "venue": "\uc11c\uc6b8\ud2b9\ubcc4\uc2dc \ub9c8\ud3ec\uad6c \uc11c\uac15\ub85c9\uae38 14 1\uce35 \uc9c0\ubc88", "category": "\ubc18\ub824\ub3d9\ubb3c > \ubc18\ub824\ub3d9\ubb3c\ubbf8\uc6a9", "tel": "02-3144-1826"}}, {"model": "themes.local", "pk": 322, "fields": {"title": "\uc11c\uc6b8 \uc720\uae30\ub3d9\ubb3c \uc785\uc591\uc13c\ud130", "venue": "\uc11c\uc6b8\ud2b9\ubcc4\uc2dc \uc911\ub791\uad6c \uc6a9\ub9c8\uc0b0\ub85c139\ub098\uae38 83 \uc9c0\ubc88", "category": "\uc0dd\ud65c,\ud3b8\uc758 > \ubc18\ub824\ub3d9\ubb3c", "tel": "\uc804\ud654\ubc88\ud638 \uc5c6\uc74c"}}, {"model": "themes.local", "pk": 323, "fields": {"title": "\uc0b0\ucc45\uae38", "venue": "\uc11c\uc6b8\ud2b9\ubcc4\uc2dc \ub3d9\ub300\ubb38\uad6c \ub2f5\uc2ed\ub9ac\ub85c56\uae38 124 \uc9c0\ubc88", "category": "\ubc18\ub824\ub3d9\ubb3c > \ubc18\ub824\ub3d9\ubb3c\ubbf8\uc6a9", "tel": "010-2870-8100"}}, {"model": "themes.local", "pk": 324, "fields": {"title": "9PETS", "venue": "\uc11c\uc6b8\ud2b9\ubcc4\uc2dc \uc131\ub3d9\uad6c \uc11c\uc6b8\uc2322\uae38 32-14 101\ub3d9 106~107\ud638 \uc9c0\ubc88", "category": "\ubc18\ub824\ub3d9\ubb3c > \ubc18\ub824\ub3d9\ubb3c\ubbf8\uc6a9", "tel": "070-8845-9101"}}, {"model": "themes.local", "pk": 325, "fields": {"title": "\ud0b9\uc2a4\ub3c5", "venue": "\uc11c\uc6b8\ud2b9\ubcc4\uc2dc \uc911\ub791\uad6c \uc6a9\ub9c8\uc0b0\ub85c115\uae38 8 2\uce35 \uc9c0\ubc88", "category": "\ubc18\ub824\ub3d9\ubb3c > \ubc18\ub824\ub3d9\ubb3c\ud638\ud154", "tel": "010-4075-2570"}}, {"model": "themes.local", "pk": 326, "fields": {"title": "\ubb34\ubb34\uc0ac\uc6b0\ub974\uc2a4 \ud30c\ucda9\ub958\uc0f5", "venue": "\uc11c\uc6b8\ud2b9\ubcc4\uc2dc \uc11c\ucd08\uad6c \ub17c\ud604\ub85c 87 \uc0bc\ud638\ubb3c\uc0b0 B\ub3d9 1406\ud638 \uc9c0\ubc88", "category": "\ubc18\ub824\ub3d9\ubb3c", "tel": "010-9750-8262"}}, {"model": "themes.local", "pk": 327, "fields": {"title": "\uc774\ub204\uc544\uc774\ud3ab\ubdf0\ud2f0\uc0b4\ub871", "venue": "\uc11c\uc6b8\ud2b9\ubcc4\uc2dc \ub9c8\ud3ec\uad6c \ub3d9\uad50\ub85c 227-5 3\uce35 \uc9c0\ubc88", "category": "\ubc18\ub824\ub3d9\ubb3c > \ubc18\ub824\ub3d9\ubb3c\ubbf8\uc6a9", "tel": "02-332-5578"}}, {"model": "themes.local", "pk": 328, "fields": {"title": "\uc9d1\uc0ac\ub86d\ub2e4", "venue": "\uc11c\uc6b8\ud2b9\ubcc4\uc2dc \uc885\ub85c\uad6c \ub300\ud559\ub85c 149 \uc720\ub2c8\ub85c\ub4dc\ube4c\ub529 1\uce35 \uc9c0\ubc88", "category": "\ubc18\ub824\ub3d9\ubb3c", "tel": "010-3665-6545"}}, {"model": "themes.local", "pk": 329, "fields": {"title": "\uac1c\ub2d8\uc0b4\ub871", "venue": "\uc11c\uc6b8\ud2b9\ubcc4\uc2dc \uc6a9\uc0b0\uad6c \uc6d0\ud6a8\ub85c90\uae38 11 \uc6a9\uc0b0\ub354\ud504\ub77c\uc784 103\ub3d9 109\ud638 \uc9c0\ubc88", "category": "\ubc18\ub824\ub3d9\ubb3c > \ubc18\ub824\ub3d9\ubb3c\ud638\ud154", "tel": "02-704-9887"}}, {"model": "themes.local", "pk": 330, "fields": {"title": "\uba4d\uba4d\uc544\ub180\uc790", "venue": "\uc11c\uc6b8\ud2b9\ubcc4\uc2dc \uae08\ucc9c\uad6c \ub3c5\uc0b0\ub85c 258 1\uce35 \uba4d\uba4d\uc544 \ub180\uc790 \uc9c0\ubc88", "category": "\ubc18\ub824\ub3d9\ubb3c > \ubc18\ub824\ub3d9\ubb3c\ubbf8\uc6a9", "tel": "02-853-3888"}}, {"model": "themes.local", "pk": 331, "fields": {"title": "\ud3ab\ub9c8\ud2b8 \ucc9c\ud638\uc810", "venue": "\uc11c\uc6b8\ud2b9\ubcc4\uc2dc \uac15\ub3d9\uad6c \ucc9c\ud638\ub300\ub85c 995 1\uce351\ud638 \ud3ab\ub9c8\ud2b8 \ucc9c\ud638\uc810 \uc9c0\ubc88", "category": "\uc1fc\ud551,\uc720\ud1b5 > \ubc18\ub824\ub3d9\ubb3c", "tel": "02-470-1550"}}, {"model": "themes.local", "pk": 332, "fields": {"title": "\ubb49\ud22c", "venue": "\uc11c\uc6b8\ud2b9\ubcc4\uc2dc \ub178\uc6d0\uad6c \uacf5\ub989\ub85c58\ub098\uae38 20-5 1\uce35 \uc9c0\ubc88", "category": "\ubc18\ub824\ub3d9\ubb3c > \ubc18\ub824\ub3d9\ubb3c\ubbf8\uc6a9", "tel": "02-976-2346"}}, {"model": "themes.local", "pk": 333, "fields": {"title": "\uc0b4\ub871\ub4dc\uc058\ub760", "venue": "\uc11c\uc6b8\ud2b9\ubcc4\uc2dc \uc1a1\ud30c\uad6c \uc591\uc7ac\ub300\ub85c62\uae38 31-5 1\uce35 \uc0b4\ub871\ub4dc\uc058\ub760 \uc9c0\ubc88", "category": "\ubc18\ub824\ub3d9\ubb3c > \ubc18\ub824\ub3d9\ubb3c\ubbf8\uc6a9", "tel": "010-2232-5112"}}, {"model": "themes.local", "pk": 334, "fields": {"title": "\uba4d\uc580\ud2b8\ub9ac", "venue": "\uc11c\uc6b8\ud2b9\ubcc4\uc2dc \uc1a1\ud30c\uad6c \ubc95\uc6d0\ub85c4\uae38 10 \ud790\uc2a4\ud14c\uc774\ud2b8 \uc5d0\ucf54\ubb38\uc815 2\uce35 214\ud638 \uc9c0\ubc88", "category": "\ubc18\ub824\ub3d9\ubb3c > \ubc18\ub824\ub3d9\ubb3c\ud638\ud154", "tel": "02-6338-7420"}}, {"model": "themes.local", "pk": 335, "fields": {"title": "\uc6b0\ub2e4\ub2e5 \uace0\uc591\uc774\ud638\ud154", "venue": "\uc11c\uc6b8\ud2b9\ubcc4\uc2dc \uc1a1\ud30c\uad6c \ubc31\uc81c\uace0\ubd84\ub85c34\uae38 6 2\uce35 201\ud638 \uc9c0\ubc88", "category": "\ubc18\ub824\ub3d9\ubb3c > \ubc18\ub824\ub3d9\ubb3c\ud638\ud154", "tel": "010-9255-8316"}}, {"model": "themes.local", "pk": 336, "fields": {"title": "\uc548\ub155\uac15\uc544\uc9c0", "venue": "\uc11c\uc6b8\ud2b9\ubcc4\uc2dc \uc131\ub3d9\uad6c \uae08\ud638\ub85c 48-1 1\uce35 \uc548\ub155\uac15\uc544\uc9c0 \uc9c0\ubc88", "category": "\ubc18\ub824\ub3d9\ubb3c > \ubc18\ub824\ub3d9\ubb3c\ubbf8\uc6a9", "tel": "010-4825-3446"}}, {"model": "themes.local", "pk": 337, "fields": {"title": "\ucf54\uc9c0\ud3ab\uc0f5", "venue": "\uc11c\uc6b8\ud2b9\ubcc4\uc2dc \uc911\uad6c \uccad\uad6c\ub85c 65 \uc9c0\ubc88", "category": "\ubc18\ub824\ub3d9\ubb3c > \ubc18\ub824\ub3d9\ubb3c\ubbf8\uc6a9", "tel": "02-2253-6686"}}, {"model": "themes.local", "pk": 338, "fields": {"title": "\uac1c\ub4e4\uc758\uc655\uad6d", "venue": "\uc11c\uc6b8\ud2b9\ubcc4\uc2dc \uc11c\ub300\ubb38\uad6c \uc2e0\ucd0c\ub85c 175-1 2\uce35 \uc9c0\ubc88", "category": "\ubc18\ub824\ub3d9\ubb3c > \ubc18\ub824\ub3d9\ubb3c\ud638\ud154", "tel": "02-553-1512"}}, {"model": "themes.local", "pk": 339, "fields": {"title": "\uc719\ud06c\ud3ab \uae08\ucc9c\uc810", "venue": "\uc11c\uc6b8\ud2b9\ubcc4\uc2dc \uae08\ucc9c\uad6c \ub3c5\uc0b0\ub85c 143-1 \uadfc\uc0dd\uc8fc\ud0dd 1\uce35 \uc9c0\ubc88", "category": "\ubc18\ub824\ub3d9\ubb3c > \ubc18\ub824\ub3d9\ubb3c\ubbf8\uc6a9", "tel": "02-891-0054"}}, {"model": "themes.local", "pk": 340, "fields": {"title": "\uc560\uacac\ubbf8\uc6a9 Salon \ud2f0\uc5d4\ub3c5", "venue": "\uc11c\uc6b8\ud2b9\ubcc4\uc2dc \uac15\uc11c\uad6c \uac00\ub85c\uacf5\uc6d0\ub85c 208 \uc5d4\uc5d0\uc2a4\ud0c0\uc6b4 101\ud638 \uc9c0\ubc88", "category": "\ubc18\ub824\ub3d9\ubb3c > \ubc18\ub824\ub3d9\ubb3c\ubbf8\uc6a9", "tel": "010-9246-7499"}}, {"model": "themes.local", "pk": 341, "fields": {"title": "\ub9c8\uc774\ubdf0\ud2f0\ub3c5", "venue": "\uc11c\uc6b8\ud2b9\ubcc4\uc2dc \uc131\ub3d9\uad6c \ub9c8\uc7a5\ub85c 137 \ud150\uc988\ud790\uc0c1\uac00 214\ub3d9 123\ud638 \uc9c0\ubc88", "category": "\ubc18\ub824\ub3d9\ubb3c > \ubc18\ub824\ub3d9\ubb3c\ubbf8\uc6a9", "tel": "010-8790-8208"}}, {"model": "themes.local", "pk": 342, "fields": {"title": "\ub3c4\uadf8\ub9c8\ud3ab\uc0b4\ub871", "venue": "\uc11c\uc6b8\ud2b9\ubcc4\uc2dc \uc131\ub3d9\uad6c \uae08\ud638\ub85c 127 \uc0c1\uac00\ub3d9 19\ud638 \uc9c0\ubc88", "category": "\ubc18\ub824\ub3d9\ubb3c > \ubc18\ub824\ub3d9\ubb3c\ubbf8\uc6a9", "tel": "010-5304-3258"}}, {"model": "themes.local", "pk": 343, "fields": {"title": "\ubca0\uc774\uae00\ubc84\ud2b8\uadf8\ub8e8\ubc0d", "venue": "\uc11c\uc6b8\ud2b9\ubcc4\uc2dc \uc131\ub3d9\uad6c \uc655\uc2ed\ub9ac\ub85c4\uac00\uae38 2-9 \uc9c0\ubc88", "category": "\ubc18\ub824\ub3d9\ubb3c > \ubc18\ub824\ub3d9\ubb3c\ubbf8\uc6a9", "tel": "010-6834-8090"}}, {"model": "themes.local", "pk": 344, "fields": {"title": "\uba74\ubaa9\ub3c5 \uc560\uacac\ubbf8\uc6a9\uc2e4", "venue": "\uc11c\uc6b8\ud2b9\ubcc4\uc2dc \uc911\ub791\uad6c \uba74\ubaa9\ub85c33\uae38 10 1\uce35 \uc9c0\ubc88", "category": "\ubc18\ub824\ub3d9\ubb3c > \ubc18\ub824\ub3d9\ubb3c\ubbf8\uc6a9", "tel": "010-6670-7331"}}, {"model": "themes.local", "pk": 345, "fields": {"title": "\uac1c\ub7ec\ub9ac\uc544", "venue": "\uc11c\uc6b8\ud2b9\ubcc4\uc2dc \uac15\ub0a8\uad6c \uc5b8\uc8fc\ub85c133\uae38 16-5 \uc9c0\ubc88", "category": "\ubc18\ub824\ub3d9\ubb3c > \ubc18\ub824\ub3d9\ubb3c\ud638\ud154", "tel": "070-8987-3000"}}, {"model": "themes.local", "pk": 346, "fields": {"title": "\ubbf8\ub2c8\ud3ab\uc0f5", "venue": "\uc11c\uc6b8\ud2b9\ubcc4\uc2dc \uc740\ud3c9\uad6c \uc740\ud3c9\ub85c8\uae38 39 \uc9c0\ubc88", "category": "\ubc18\ub824\ub3d9\ubb3c > \ubc18\ub824\ub3d9\ubb3c\ubbf8\uc6a9", "tel": "02-357-9111"}}, {"model": "themes.local", "pk": 347, "fields": {"title": "\ubdf0\ud2f0in\ub3c5", "venue": "\uc11c\uc6b8\ud2b9\ubcc4\uc2dc \uac15\uc11c\uad6c \uc6b0\uc7a5\uc0b0\ub85c 5 \uc9c0\ubc88", "category": "\ubc18\ub824\ub3d9\ubb3c > \ubc18\ub824\ub3d9\ubb3c\ubbf8\uc6a9", "tel": "02-3663-7433"}}, {"model": "themes.local", "pk": 348, "fields": {"title": "\uc639\uc2ec\uc774\ub124\uc0b4\ub871", "venue": "\uc11c\uc6b8\ud2b9\ubcc4\uc2dc \uc131\ubd81\uad6c \uc544\ub9ac\ub791\ub85c4\uac00\uae38 5 \uc9c0\ubc88", "category": "\ubc18\ub824\ub3d9\ubb3c > \ubc18\ub824\ub3d9\ubb3c\ubbf8\uc6a9", "tel": "070-8877-2748"}}, {"model": "themes.local", "pk": 349, "fields": {"title": "\ub514\uc5b4\ub9c8\uc774\ud3ab\uc560\uacac\ubbf8\uc6a9\uc2e4", "venue": "\uc11c\uc6b8\ud2b9\ubcc4\uc2dc \uc911\ub791\uad6c \uba74\ubaa9\ub85c40\uae38 12 \uc9c0\ubc88", "category": "\ubc18\ub824\ub3d9\ubb3c > \ubc18\ub824\ub3d9\ubb3c\ubbf8\uc6a9", "tel": "010-5133-2523"}}, {"model": "themes.local", "pk": 350, "fields": {"title": "\ud37c\ud53c\ud558\uc6b0\uc2a4", "venue": "\uc11c\uc6b8\ud2b9\ubcc4\uc2dc \uc11c\ub300\ubb38\uad6c \ubd81\uc544\ud604\ub85c 40 \uacbd\ub0a8\uc544\ud30c\ud2b8\uc0c1\uac00 \uc9c0\ubc88", "category": "\ubc18\ub824\ub3d9\ubb3c > \ubc18\ub824\ub3d9\ubb3c\ubbf8\uc6a9", "tel": "02-362-9140"}}, {"model": "themes.local", "pk": 351, "fields": {"title": "\ud3ab\uc0b4\ub871 \ud5e4\uc544\ub9bc", "venue": "\uc11c\uc6b8\ud2b9\ubcc4\uc2dc \uc1a1\ud30c\uad6c \uac00\ub77d\ub85c 287-1 1\uce35 \uc9c0\ubc88", "category": "\ubc18\ub824\ub3d9\ubb3c > \ubc18\ub824\ub3d9\ubb3c\ubbf8\uc6a9", "tel": "02-416-3229"}}, {"model": "themes.local", "pk": 352, "fields": {"title": "\ubc18\ub2ec\uac00\uac8c", "venue": "\uc11c\uc6b8\ud2b9\ubcc4\uc2dc \uad11\uc9c4\uad6c \uad6c\uc758\ub85c 27 1\uce35 \uc9c0\ubc88", "category": "\ubc18\ub824\ub3d9\ubb3c", "tel": "\uc804\ud654\ubc88\ud638 \uc5c6\uc74c"}}, {"model": "themes.local", "pk": 353, "fields": {"title": "\ub9cc\uc810\uc560\uacac\ubbf8\uc6a9", "venue": "\uc11c\uc6b8\ud2b9\ubcc4\uc2dc \uc740\ud3c9\uad6c \ud1b5\uc77c\ub85c75\uae38 5 1\uce35 \ub9cc\uc810\uc560\uacac\ubbf8\uc6a9 \uc9c0\ubc88", "category": "\ubc18\ub824\ub3d9\ubb3c > \ubc18\ub824\ub3d9\ubb3c\ubbf8\uc6a9", "tel": "070-7807-0079"}}, {"model": "themes.local", "pk": 354, "fields": {"title": "\ubabd\ube14\ub9ac", "venue": "\uc11c\uc6b8\ud2b9\ubcc4\uc2dc \ub3c4\ubd09\uad6c \ub355\ub989\ub85c60\uae38 120 1\uce35 \uc9c0\ubc88", "category": "\ubc18\ub824\ub3d9\ubb3c > \ubc18\ub824\ub3d9\ubb3c\ubbf8\uc6a9", "tel": "02-990-2783"}}, {"model": "themes.local", "pk": 355, "fields": {"title": "\ud1a0\ub07c\ub18d\uc7a5", "venue": "\uc11c\uc6b8\ud2b9\ubcc4\uc2dc \uc911\ub791\uad6c \uba74\ubaa9\ub85c43\uae38 21 \uc9c0\ubc88", "category": "\uc0dd\ud65c,\ud3b8\uc758 > \ubc18\ub824\ub3d9\ubb3c", "tel": "02-434-9760"}}, {"model": "themes.local", "pk": 356, "fields": {"title": "24\uc2dc\uc9c0\uad6c\ucd0c\uba54\ub514\uceec\uc13c\ud130", "venue": "\uc11c\uc6b8\ud2b9\ubcc4\uc2dc \uad6c\ub85c\uad6c \uad6c\ub85c\uc911\uc559\ub85c32\uae38 14 1\uce35 \uc9c0\ubc88", "category": "\ubc18\ub824\ub3d9\ubb3c > \ubc18\ub824\ub3d9\ubb3c\ubbf8\uc6a9", "tel": "02-867-8777"}}, {"model": "themes.local", "pk": 357, "fields": {"title": "\uc560\uacac\ubbf8\uc6a9\uc2e4\ub7ec\ube0c\ud3ab", "venue": "\uc11c\uc6b8\ud2b9\ubcc4\uc2dc \ub9c8\ud3ec\uad6c \uc131\uc554\ub85c 79 \uc9c0\ubc88", "category": "\ubc18\ub824\ub3d9\ubb3c > \ubc18\ub824\ub3d9\ubb3c\ubbf8\uc6a9", "tel": "02-374-5579"}}, {"model": "themes.local", "pk": 358, "fields": {"title": "\ub3c4\uadf8\uc1a1", "venue": "\uc11c\uc6b8\ud2b9\ubcc4\uc2dc \ub3c4\ubd09\uad6c \ub355\ub989\ub85c63\uae38 105 \uc9c0\ubc88", "category": "\ubc18\ub824\ub3d9\ubb3c > \ubc18\ub824\ub3d9\ubb3c\ubbf8\uc6a9", "tel": "02-900-9069"}}, {"model": "themes.local", "pk": 359, "fields": {"title": "\uc194\ud3ab\uc0b4\ub871", "venue": "\uc11c\uc6b8\ud2b9\ubcc4\uc2dc \uc601\ub4f1\ud3ec\uad6c \uc5ec\uc758\ub300\ubc29\ub85c 159 1\uce35 \uc194\ud3ab\uc0b4\ub871 \uc9c0\ubc88", "category": "\ubc18\ub824\ub3d9\ubb3c > \ubc18\ub824\ub3d9\ubb3c\ubbf8\uc6a9", "tel": "02-844-3582"}}, {"model": "themes.local", "pk": 360, "fields": {"title": "\uac1c\ub2d8\uc0b4\ub871 \ub808\uc774\ud06c\uc0ac\uc774\ub4dc", "venue": "\uc11c\uc6b8\ud2b9\ubcc4\uc2dc \uc1a1\ud30c\uad6c \uc1a1\ud30c\ub300\ub85c49\uae38 50 \uc7a0\uc2e4\uc11d\ucd0c\ud638\uc218\ub098\uc778\ud30c\ud06c B\ub3d9 204\ud638 \uc9c0\ubc88", "category": "\ubc18\ub824\ub3d9\ubb3c > \ubc18\ub824\ub3d9\ubb3c\ud638\ud154", "tel": "02-417-9887"}}, {"model": "themes.local", "pk": 361, "fields": {"title": "\uc548\ub155\uba4d\uba4d\uc544", "venue": "\uc11c\uc6b8\ud2b9\ubcc4\uc2dc \uc740\ud3c9\uad6c \uc9c4\ud765\ub85c 13 1\uce35 \uc548\ub155,\uba4d\uba4d\uc544 \uc9c0\ubc88", "category": "\ubc18\ub824\ub3d9\ubb3c > \ubc18\ub824\ub3d9\ubb3c\ubbf8\uc6a9", "tel": "010-3349-7037"}}, {"model": "themes.local", "pk": 362, "fields": {"title": "\ucf00\uc774\uc2a4\ud0c0\uc77c \uc560\uacac\uc0f5", "venue": "\uc11c\uc6b8\ud2b9\ubcc4\uc2dc \uc601\ub4f1\ud3ec\uad6c \uc5ec\uc758\ub300\ubc29\ub85c19\uae38 8 1\uce35 \uc9c0\ubc88", "category": "\ubc18\ub824\ub3d9\ubb3c > \ubc18\ub824\ub3d9\ubb3c\ubbf8\uc6a9", "tel": "02-832-3771"}}, {"model": "themes.local", "pk": 363, "fields": {"title": "\uc990\uac70\uc6b4 \uc560\uacac\ubbf8\uc6a9", "venue": "\uc11c\uc6b8\ud2b9\ubcc4\uc2dc \ub9c8\ud3ec\uad6c \uc131\ubbf8\uc0b0\ub85c10\uae38 46 \uc9c0\ubc88", "category": "\ubc18\ub824\ub3d9\ubb3c > \ubc18\ub824\ub3d9\ubb3c\ubbf8\uc6a9", "tel": "02-324-8101"}}, {"model": "themes.local", "pk": 364, "fields": {"title": "\ud3ab\uce20\uc624\uc564\ud53c", "venue": "\uc11c\uc6b8\ud2b9\ubcc4\uc2dc \uc601\ub4f1\ud3ec\uad6c \uc591\uc0b0\ub85c 16 \uc9c0\ubc88", "category": "\uc0dd\ud65c,\ud3b8\uc758 > \ubc18\ub824\ub3d9\ubb3c", "tel": "02-6012-8777"}}, {"model": "themes.local", "pk": 365, "fields": {"title": "\ubc8c\ub7ec\uc9c0\ub2f7\ucef4", "venue": "\uc11c\uc6b8\ud2b9\ubcc4\uc2dc \uc1a1\ud30c\uad6c \uc1a1\ud30c\ub300\ub85c26\uae38 4 \uc9c0\ubc88", "category": "\ubc18\ub824\ub3d9\ubb3c > \ubc18\ub824\ub3d9\ubb3c\ubd84\uc591", "tel": "070-8729-7379"}}, {"model": "themes.local", "pk": 366, "fields": {"title": "\uba4d\uba4d\uadf8\ub8e8\ubc0d", "venue": "\uc11c\uc6b8\ud2b9\ubcc4\uc2dc \uac15\ub3d9\uad6c \uc0c1\uc554\ub85c3\uae38 18 \uc9c0\ubc88", "category": "\ubc18\ub824\ub3d9\ubb3c > \ubc18\ub824\ub3d9\ubb3c\ubbf8\uc6a9", "tel": "02-429-7770"}}, {"model": "themes.local", "pk": 367, "fields": {"title": "\ubd80\ub760\ub044 \ubabd\ub69c\ub69c", "venue": "\uc11c\uc6b8\ud2b9\ubcc4\uc2dc \uc11c\ucd08\uad6c \uac15\ub0a8\ub300\ub85c97\uae38 59 1\uce35 \ubd80\ub760\ub044 \ubabd\ub69c\ub69c \uc9c0\ubc88", "category": "\ubc18\ub824\ub3d9\ubb3c > \ubc18\ub824\ub3d9\ubb3c\ubbf8\uc6a9", "tel": "070-4320-0821"}}, {"model": "themes.local", "pk": 368, "fields": {"title": "\ub354\ub374", "venue": "\uc11c\uc6b8\ud2b9\ubcc4\uc2dc \uc1a1\ud30c\uad6c \uc1a1\ud30c\ub300\ub85c47\uae38 1 \uc9c0\ud558 1\uce35 \ub354 \ub374 (The Den) \uc9c0\ubc88", "category": "\ubc18\ub824\ub3d9\ubb3c > \ubc18\ub824\ub3d9\ubb3c\ubd84\uc591", "tel": "02-2042-5959"}}, {"model": "themes.local", "pk": 369, "fields": {"title": "\uac1c\ub124\uc9d1", "venue": "\uc11c\uc6b8\ud2b9\ubcc4\uc2dc \uac15\uc11c\uad6c \uac15\uc11c\ub85c18\ub2e4\uae38 42 \uc9c0\ubc88", "category": "\ubc18\ub824\ub3d9\ubb3c > \ubc18\ub824\ub3d9\ubb3c\ubbf8\uc6a9", "tel": "02-2692-5959"}}, {"model": "themes.local", "pk": 370, "fields": {"title": "\ucc28\ub974\ub3c4\ub974", "venue": "\uc11c\uc6b8\ud2b9\ubcc4\uc2dc \uad00\uc545\uad6c \ubcf4\ub77c\ub9e4\ub85c 17 \uc9c0\ubc88", "category": "\ubc18\ub824\ub3d9\ubb3c > \ubc18\ub824\ub3d9\ubb3c\ubbf8\uc6a9", "tel": "02-875-1999"}}, {"model": "themes.local", "pk": 371, "fields": {"title": "\uc30d\uae08\uc774\ub124", "venue": "\uc11c\uc6b8\ud2b9\ubcc4\uc2dc \uc1a1\ud30c\uad6c \uc1a1\ud30c\ub300\ub85c 345 \ud5ec\ub9ac\uc624\uc2dc\ud2f0 \uc0c1\uac00 3A-B7\ud638 (\ud574\ub204\ub9ac\ucd08\ub4f1\ud559\uad50 \ud6c4\ubb38\uc55e) \uc9c0\ubc88", "category": "\ubc18\ub824\ub3d9\ubb3c > \ubc18\ub824\ub3d9\ubb3c\ubbf8\uc6a9", "tel": "070-7514-0755"}}, {"model": "themes.local", "pk": 372, "fields": {"title": "\ubcf4\ub2c8\ub610\uadf8", "venue": "\uc11c\uc6b8\ud2b9\ubcc4\uc2dc \ub178\uc6d0\uad6c \ub178\uc6d0\ub85c26\uae38 69 1\uce35 \uc9c0\ubc88", "category": "\ubc18\ub824\ub3d9\ubb3c > \ubc18\ub824\ub3d9\ubb3c\ubbf8\uc6a9", "tel": "010-8787-7233"}}, {"model": "themes.local", "pk": 373, "fields": {"title": "\ub3c5\ud2b9\uac15\uc544\uc9c0\uc218\uc81c\uac04\uc2dd", "venue": "\uc11c\uc6b8\ud2b9\ubcc4\uc2dc \uc740\ud3c9\uad6c \uc9c4\uad002\ub85c 90 321\ub3d9 \uc9c0\ubc88", "category": "\ubc18\ub824\ub3d9\ubb3c", "tel": "010-4892-7047"}}, {"model": "themes.local", "pk": 374, "fields": {"title": "\ud589\ubcf5\ud558\uac1c", "venue": "\uc11c\uc6b8\ud2b9\ubcc4\uc2dc \uc131\ubd81\uad6c \uc7a5\uc704\ub85c 88 \uc9c0\ubc88", "category": "\ubc18\ub824\ub3d9\ubb3c > \ubc18\ub824\ub3d9\ubb3c\ubbf8\uc6a9", "tel": "02-6316-3500"}}, {"model": "themes.local", "pk": 375, "fields": {"title": "\ub9c8\uc774\uc544\uc9c0\ud2b8", "venue": "\uc11c\uc6b8\ud2b9\ubcc4\uc2dc \uad11\uc9c4\uad6c \uad11\ub098\ub8e8\ub85c15\uae38 11 2\uce35 \uc804\uce35 \uc9c0\ubc88", "category": "\ubc18\ub824\ub3d9\ubb3c > \ubc18\ub824\ub3d9\ubb3c\ubbf8\uc6a9", "tel": "010-5592-8228"}}, {"model": "themes.local", "pk": 376, "fields": {"title": "\ud328\uc158\uadf8\ub8e8\uba38", "venue": "\uc11c\uc6b8\ud2b9\ubcc4\uc2dc \ub3d9\ub300\ubb38\uad6c \ub2f5\uc2ed\ub9ac\ub85c23\uae38 66-1 \uc9c0\ubc88", "category": "\ubc18\ub824\ub3d9\ubb3c > \ubc18\ub824\ub3d9\ubb3c\ubbf8\uc6a9", "tel": "02-2212-7521"}}, {"model": "themes.local", "pk": 377, "fields": {"title": "\uc544\uc774\uc870\uc544\ud3ab\ud30c\ud06c \uac15\ub0a8\uc810", "venue": "\uc11c\uc6b8\ud2b9\ubcc4\uc2dc \uac15\ub0a8\uad6c \ubd09\uc740\uc0ac\ub85c47\uae38 59 \uc9c0\ubc88", "category": "\ubc18\ub824\ub3d9\ubb3c", "tel": "010-3554-3337"}}, {"model": "themes.local", "pk": 378, "fields": {"title": "\ub098\uc758\uac15\uc544\uc9c0\uc5d0\uac8c", "venue": "\uc11c\uc6b8\ud2b9\ubcc4\uc2dc \ub9c8\ud3ec\uad6c \uc131\ubbf8\uc0b0\ub85c26\uae38 25 \uc120\uacbd\ube4c\ub77c 101\ud638 \uc9c0\ubc88", "category": "\ubc18\ub824\ub3d9\ubb3c > \ubc18\ub824\ub3d9\ubb3c\ubbf8\uc6a9", "tel": "02-337-0960"}}, {"model": "themes.local", "pk": 379, "fields": {"title": "\ube0c\uc774\ucf00\uc5b4", "venue": "\uc11c\uc6b8\ud2b9\ubcc4\uc2dc \uc11c\ucd08\uad6c \uac15\ub0a8\ub300\ub85c79\uae38 32 2\uce35 \uc9c0\ubc88", "category": "\ubc18\ub824\ub3d9\ubb3c > \ubc18\ub824\ub3d9\ubb3c\ubbf8\uc6a9", "tel": "02-6949-3038"}}, {"model": "themes.local", "pk": 380, "fields": {"title": "\uc6b0\uc544\ud55c \uac15\uc544\uc9c0", "venue": "\uc11c\uc6b8\ud2b9\ubcc4\uc2dc \uc601\ub4f1\ud3ec\uad6c \uc591\uc0b0\ub85c23\uae38 3 1\uce35 \uc6b0\uc544\ud55c\uac15\uc544\uc9c0 \uc9c0\ubc88", "category": "\ubc18\ub824\ub3d9\ubb3c > \ubc18\ub824\ub3d9\ubb3c\ubbf8\uc6a9", "tel": "010-3069-3100"}}, {"model": "themes.local", "pk": 381, "fields": {"title": "\uc544\ub974\ub5bc\uba4d\uba4d", "venue": "\uc11c\uc6b8\ud2b9\ubcc4\uc2dc \uad00\uc545\uad6c \uad00\uc545\ub85c30\uae38 13 \uc9c0\ubc88", "category": "\ubc18\ub824\ub3d9\ubb3c > \ubc18\ub824\ub3d9\ubb3c\ubbf8\uc6a9", "tel": "02-883-8090"}}, {"model": "themes.local", "pk": 382, "fields": {"title": "\uc05c\uc774\ub124\uc0b4\ub871&\uacf3\uac04", "venue": "\uc11c\uc6b8\ud2b9\ubcc4\uc2dc \uad00\uc545\uad6c \ud589\uc6b4\uae38 9 1\uce35 \uc05c\uc774\ub124 \uc0b4\ub871&\uacf3\uac04 \uc9c0\ubc88", "category": "\ubc18\ub824\ub3d9\ubb3c > \ubc18\ub824\ub3d9\ubb3c\ubbf8\uc6a9", "tel": "010-6231-6655"}}, {"model": "themes.local", "pk": 383, "fields": {"title": "\uac15\uc544\uc9c0\uc18c\ud48d", "venue": "\uc11c\uc6b8\ud2b9\ubcc4\uc2dc \uac15\ub0a8\uad6c \ub17c\ud604\ub85c24\uae38 39 1\uce35 \uc9c0\ubc88", "category": "\ubc18\ub824\ub3d9\ubb3c > \ubc18\ub824\ub3d9\ubb3c\ud638\ud154", "tel": "02-501-0204"}}, {"model": "themes.local", "pk": 384, "fields": {"title": "\ub3cc\ubd04", "venue": "\uc11c\uc6b8\ud2b9\ubcc4\uc2dc \uc1a1\ud30c\uad6c \ubc31\uc81c\uace0\ubd84\ub85c7\uae38 6-5 \uc9c0\ud5581\uce35 \uc9c0\ubc88", "category": "\ubc18\ub824\ub3d9\ubb3c > \ubc18\ub824\ub3d9\ubb3c\ud638\ud154", "tel": "02-2202-8333"}}, {"model": "themes.local", "pk": 385, "fields": {"title": "\uc560\ub2c8\ub124 \ubc18\ub824\uacac \ubbf8\uc6a9\uc2e4", "venue": "\uc11c\uc6b8\ud2b9\ubcc4\uc2dc \uc131\ub3d9\uad6c \ud589\ub2f9\ub85c1\uae38 23 1\uce35 \uc9c0\ubc88", "category": "\ubc18\ub824\ub3d9\ubb3c > \ubc18\ub824\ub3d9\ubb3c\ubbf8\uc6a9", "tel": "02-3442-6501"}}, {"model": "themes.local", "pk": 386, "fields": {"title": "\uc21c\ub3c5\uc0b4\ub871", "venue": "\uc11c\uc6b8\ud2b9\ubcc4\uc2dc \uac15\uc11c\uad6c \uacf5\ud56d\ub300\ub85c65\uae38 26 \uc9c0\ubc88", "category": "\ubc18\ub824\ub3d9\ubb3c > \ubc18\ub824\ub3d9\ubb3c\ubbf8\uc6a9", "tel": "010-8485-1927"}}, {"model": "themes.local", "pk": 387, "fields": {"title": "\ucc29\ud55c\uac15\uc544\uc9c0 \uc560\uacac\uc0f5", "venue": "\uc11c\uc6b8\ud2b9\ubcc4\uc2dc \ub3d9\uc791\uad6c \uc0c1\ub3c4\ub85c55\uae38 4 \uc9c0\ubc88", "category": "\ubc18\ub824\ub3d9\ubb3c > \ubc18\ub824\ub3d9\ubb3c\ubbf8\uc6a9", "tel": "02-813-2468"}}, {"model": "themes.local", "pk": 388, "fields": {"title": "\uae40\uc5b8\ub2c8\ud3ab\uc0b4\ub871", "venue": "\uc11c\uc6b8\ud2b9\ubcc4\uc2dc \uad11\uc9c4\uad6c \uc790\uc591\ubc88\uc601\ub85c1\uae38 6 \uc9c0\ubc88", "category": "\ubc18\ub824\ub3d9\ubb3c > \ubc18\ub824\ub3d9\ubb3c\ubbf8\uc6a9", "tel": "02-456-6996"}}, {"model": "themes.local", "pk": 389, "fields": {"title": "\uac1c\ub0a0\ub77c\ub9ac", "venue": "\uc11c\uc6b8\ud2b9\ubcc4\uc2dc \uc911\ub791\uad6c \uba74\ubaa9\ub85c 425 \uc9c0\ubc88", "category": "\ubc18\ub824\ub3d9\ubb3c > \ubc18\ub824\ub3d9\ubb3c\ubbf8\uc6a9", "tel": "02-6326-2108"}}, {"model": "themes.local", "pk": 390, "fields": {"title": "\uadf8\ub808\uc774\uc2a4\ud3ab\uadf8\ub8e8\ubc0d\uc2a4\ud29c\ub514\uc624", "venue": "\uc11c\uc6b8\ud2b9\ubcc4\uc2dc \uac15\ub0a8\uad6c \uc5b8\uc8fc\ub85c148\uae38 31-2 1\uce35 \uc9c0\ubc88", "category": "\ubc18\ub824\ub3d9\ubb3c > \ubc18\ub824\ub3d9\ubb3c\ubbf8\uc6a9", "tel": "02-545-0014"}}, {"model": "themes.local", "pk": 391, "fields": {"title": "\uc5c4\ub9c8 \uc798 \ub2e4\ub140\uc640", "venue": "\uc11c\uc6b8\ud2b9\ubcc4\uc2dc \uad11\uc9c4\uad6c \uae34\uace0\ub791\ub85c 63 2\uce35 \uc9c0\ubc88", "category": "\ubc18\ub824\ub3d9\ubb3c > \ubc18\ub824\ub3d9\ubb3c\ud638\ud154", "tel": "02-446-0123"}}, {"model": "themes.local", "pk": 392, "fields": {"title": "\uc2a4\ud14c\uc774\ud3ab", "venue": "\uc11c\uc6b8\ud2b9\ubcc4\uc2dc \uc591\ucc9c\uad6c \ubaa9\ub3d9\ub0a8\ub85c4\uae38 80 \uc9c0\ubc88", "category": "\ubc18\ub824\ub3d9\ubb3c > \ubc18\ub824\ub3d9\ubb3c\ubbf8\uc6a9", "tel": "02-2643-7953"}}, {"model": "themes.local", "pk": 393, "fields": {"title": "\uc5d8\ub9ac\uc2a4\ud3ab", "venue": "\uc11c\uc6b8\ud2b9\ubcc4\uc2dc \uac15\ub0a8\uad6c \uc120\ub989\ub85c76\uae38 40 1\uce35 \uc9c0\ubc88", "category": "\ubc18\ub824\ub3d9\ubb3c > \ubc18\ub824\ub3d9\ubb3c\ubbf8\uc6a9", "tel": "02-558-1716"}}, {"model": "themes.local", "pk": 394, "fields": {"title": "\ub298\ud478\ub978 \ubcf4\uc721\uc6d0", "venue": "\uc11c\uc6b8\ud2b9\ubcc4\uc2dc \uc911\uad6c \ub3d9\ud638\ub85c7\uae38 45 \uc9c0\ubc88", "category": "\ubc18\ub824\ub3d9\ubb3c > \ubc18\ub824\ub3d9\ubb3c\ud638\ud154", "tel": "02-2233-2513"}}, {"model": "themes.local", "pk": 395, "fields": {"title": "\ud3ab\uadf8\ub77c\uc6b4\ub4dc", "venue": "\uc11c\uc6b8\ud2b9\ubcc4\uc2dc \uc6a9\uc0b0\uad6c \uc2e0\ud765\ub85c 55 \uc9c0\ud558 \uc9c0\ubc88", "category": "\ubc18\ub824\ub3d9\ubb3c > \ubc18\ub824\ub3d9\ubb3c\ud638\ud154", "tel": "02-749-9990"}}, {"model": "themes.local", "pk": 396, "fields": {"title": "\ube48\uc2a4\uc564\uba4d", "venue": "\uc11c\uc6b8\ud2b9\ubcc4\uc2dc \uac15\uc11c\uad6c \uac15\uc11c\ub85c18\uae38 21 \uc9c0\ubc88", "category": "\ubc18\ub824\ub3d9\ubb3c > \ubc18\ub824\ub3d9\ubb3c\ud638\ud154", "tel": "02-2607-1177"}}, {"model": "themes.local", "pk": 397, "fields": {"title": "\uc11c\ucd0c\ub3c4\uadf8\uc0b4\ub871", "venue": "\uc11c\uc6b8\ud2b9\ubcc4\uc2dc \uc885\ub85c\uad6c \uc0ac\uc9c1\ub85c8\uae38 5-2 101\ud638 \uc9c0\ubc88", "category": "\ubc18\ub824\ub3d9\ubb3c > \ubc18\ub824\ub3d9\ubb3c\ubbf8\uc6a9", "tel": "02-736-5959"}}, {"model": "themes.local", "pk": 398, "fields": {"title": "\ud544\uc2a4\ud0c0", "venue": "\uc11c\uc6b8\ud2b9\ubcc4\uc2dc \uac15\ub0a8\uad6c \ub17c\ud604\ub85c164\uae38 17 \uc9c0\ubc88", "category": "\uc0dd\ud65c,\ud3b8\uc758 > \ubc18\ub824\ub3d9\ubb3c", "tel": "02-553-0345"}}, {"model": "themes.local", "pk": 399, "fields": {"title": "\uc544\uc774\uc870\uc544\uc694\uc591\ubcf4\ud638\uc18c \uac15\ub0a8\uc810", "venue": "\uc11c\uc6b8\ud2b9\ubcc4\uc2dc \uac15\ub0a8\uad6c \ubd09\uc740\uc0ac\ub85c47\uae38 59 B1 \uc9c0\ubc88", "category": "\uc0dd\ud65c,\ud3b8\uc758 > \ubc18\ub824\ub3d9\ubb3c", "tel": "1688-1127"}}, {"model": "themes.local", "pk": 400, "fields": {"title": "\ud3ab\uc2dc\ud130 \ub77c\uc6b8\ub808\ubbf8 \ud558\uc6b0\uc2a4", "venue": "\uc11c\uc6b8\ud2b9\ubcc4\uc2dc \uac15\ubd81\uad6c \ub3c4\ubd09\ub85c34\uae38 66 \ud3ab\uc2dc\ud130 \ub77c\uc6b8\ub808\ubbf8 \uc9c0\ubc88", "category": "\ubc18\ub824\ub3d9\ubb3c > \ubc18\ub824\ub3d9\ubb3c\ud638\ud154", "tel": "010-4603-1143"}}, {"model": "themes.local", "pk": 401, "fields": {"title": "\ud30c\ub355 \ud30c\ucda9\ub958 \uc0f5", "venue": "\uc11c\uc6b8\ud2b9\ubcc4\uc2dc \uc885\ub85c\uad6c \uc131\uade0\uad00\ub85c 15-2 2\uce35 \uc9c0\ubc88", "category": "\ubc18\ub824\ub3d9\ubb3c > \ubc18\ub824\ub3d9\ubb3c\ubd84\uc591", "tel": "010-8769-4164"}}, {"model": "themes.local", "pk": 402, "fields": {"title": "\ub3c4\ud1a0\ub9ac\ud3ab\uc0f5", "venue": "\uc11c\uc6b8\ud2b9\ubcc4\uc2dc \ub3d9\uc791\uad6c \ub3d9\uc791\ub300\ub85c3\uae38 43 1F \uc9c0\ubc88", "category": "\ubc18\ub824\ub3d9\ubb3c > \ubc18\ub824\ub3d9\ubb3c\ubbf8\uc6a9", "tel": "02-522-5623"}}, {"model": "themes.local", "pk": 403, "fields": {"title": "\ub8e8\uc2dc\ubabd", "venue": "\uc11c\uc6b8\ud2b9\ubcc4\uc2dc \uc1a1\ud30c\uad6c \uc591\uc7ac\ub300\ub85c72\uae38 5 \uc62c\ub9bc\ud53d\ud30c\ud06c \uc13c\ud2b8\ub808\ube4c 103\ub3d9 1\uce35 \uc9c0\ubc88", "category": "\ubc18\ub824\ub3d9\ubb3c > \ubc18\ub824\ub3d9\ubb3c\ubbf8\uc6a9", "tel": "02-2043-7581"}}, {"model": "themes.local", "pk": 404, "fields": {"title": "\uc544\uc784\uba4d\ud638\ud154", "venue": "\uc11c\uc6b8\ud2b9\ubcc4\uc2dc \uac15\uc11c\uad6c \ub9c8\uace1\uc11c\ub85c 158 3\uce35 317\ud638,318\ud638 \uc9c0\ubc88", "category": "\ubc18\ub824\ub3d9\ubb3c > \ubc18\ub824\ub3d9\ubb3c\ud638\ud154", "tel": "02-2668-8636"}}, {"model": "themes.local", "pk": 405, "fields": {"title": "\ub0b4\uc548\uc5d0\ub108\uc788DOG", "venue": "\uc11c\uc6b8\ud2b9\ubcc4\uc2dc \uc911\ub791\uad6c \uc2e0\ub0b4\ub85c16\uae38 76 \uc9c0\ubc88", "category": "\ubc18\ub824\ub3d9\ubb3c > \ubc18\ub824\ub3d9\ubb3c\ubbf8\uc6a9", "tel": "010-9880-3343"}}, {"model": "themes.local", "pk": 406, "fields": {"title": "\ub354\ubca0\uc2a4\ud2b8\ud31c", "venue": "\uc11c\uc6b8\ud2b9\ubcc4\uc2dc \uac15\uc11c\uad6c \ub9c8\uace1\uc11c\ub85c 158 312\ud638 \uc9c0\ubc88", "category": "\ubc18\ub824\ub3d9\ubb3c > \ubc18\ub824\ub3d9\ubb3c\ubd84\uc591", "tel": "010-4820-3949"}}, {"model": "themes.local", "pk": 407, "fields": {"title": "\ub9d0\uc21c\uc774\ub124\ud3ab\ud0dd\uc2dc", "venue": "\uc11c\uc6b8\ud2b9\ubcc4\uc2dc \uc591\ucc9c\uad6c \ubaa9\ub3d9\ub85c 203 \uc9c0\ubc88", "category": "\uc0dd\ud65c,\ud3b8\uc758 > \ubc18\ub824\ub3d9\ubb3c", "tel": "1644-2566"}}, {"model": "themes.local", "pk": 408, "fields": {"title": "\ucf54\ucf54\ubcf4\ub178 \uace0\uc591\uc774\ud638\ud154", "venue": "\uc11c\uc6b8\ud2b9\ubcc4\uc2dc \uc6a9\uc0b0\uad6c \ud55c\ub0a8\ub300\ub85c28\uae38 10 2\uce35 \uc9c0\ubc88", "category": "\ubc18\ub824\ub3d9\ubb3c > \ubc18\ub824\ub3d9\ubb3c\ud638\ud154", "tel": "070-8279-7539"}}, {"model": "themes.local", "pk": 409, "fields": {"title": "\uc0b4\ub871\ub4dc\ubbf8\ubbf8\uc988", "venue": "\uc11c\uc6b8\ud2b9\ubcc4\uc2dc \uc601\ub4f1\ud3ec\uad6c \uc591\ud3c9\ub85c22\ub77c\uae38 1 \ub300\uc6b0\ubbf8\ub798\uc0ac\ub791 2\ucc28 1\uce35 \uc0c1\uac00\ub3d9 103\ud638 \uc9c0\ubc88", "category": "\ubc18\ub824\ub3d9\ubb3c > \ubc18\ub824\ub3d9\ubb3c\ubbf8\uc6a9", "tel": "010-4864-2755"}}, {"model": "themes.local", "pk": 410, "fields": {"title": "\uc724\uc564\ud37c\ud53c\uc560\uacac\ud638\ud154\uc720\uce58\uc6d0", "venue": "\uc11c\uc6b8\ud2b9\ubcc4\uc2dc \uc11c\ucd08\uad6c \ub098\ub8e8\ud130\ub85c10\uae38 17 \uc9c0\ubc88", "category": "\ubc18\ub824\ub3d9\ubb3c > \ubc18\ub824\ub3d9\ubb3c\ud638\ud154", "tel": "02-565-8775"}}, {"model": "themes.local", "pk": 411, "fields": {"title": "\ub354\ube5b\ub098\uac1c", "venue": "\uc11c\uc6b8\ud2b9\ubcc4\uc2dc \uae08\ucc9c\uad6c \uc2dc\ud765\ub300\ub85c73\uae38 11 \ubb34\uc9c0\uac1c \uc544\ud30c\ud2b8 \uc0c1\uac00\ub3d9 1\uce35 19\ud638 \uc9c0\ubc88", "category": "\ubc18\ub824\ub3d9\ubb3c > \ubc18\ub824\ub3d9\ubb3c\ubbf8\uc6a9", "tel": "010-2178-1225"}}, {"model": "themes.local", "pk": 412, "fields": {"title": "\ud22c\ud37c\ud53c", "venue": "\uc11c\uc6b8\ud2b9\ubcc4\uc2dc \uad00\uc545\uad6c \uc2e0\ub9bc\ub85c 387 3\uce35 \ud22c\ud37c\ud53c \uc9c0\ubc88", "category": "\ubc18\ub824\ub3d9\ubb3c > \ubc18\ub824\ub3d9\ubb3c\ud638\ud154", "tel": "070-5154-5505"}}, {"model": "themes.local", "pk": 413, "fields": {"title": "\ud3ab\ud53c\ud50c", "venue": "\uc11c\uc6b8\ud2b9\ubcc4\uc2dc \uac15\ub3d9\uad6c \uc591\uc7ac\ub300\ub85c134\uae38 8 \uc9c0\ubc88", "category": "\ubc18\ub824\ub3d9\ubb3c > \ubc18\ub824\ub3d9\ubb3c\ubbf8\uc6a9", "tel": "010-8690-4245"}}, {"model": "themes.local", "pk": 414, "fields": {"title": "\uc640\uc6b0\ud3ab\uac15\uc544\uc9c0\ubbf8\uc6a9\uc2e4", "venue": "\uc11c\uc6b8\ud2b9\ubcc4\uc2dc \uc911\ub791\uad6c \ub9dd\uc6b0\ub85c 275 1\uce35 103\ud638 \uc9c0\ubc88", "category": "\ubc18\ub824\ub3d9\ubb3c > \ubc18\ub824\ub3d9\ubb3c\ubbf8\uc6a9", "tel": "010-4219-6541"}}, {"model": "themes.local", "pk": 415, "fields": {"title": "\ubf50\ub098\uac1c", "venue": "\uc11c\uc6b8\ud2b9\ubcc4\uc2dc \uc1a1\ud30c\uad6c \uac00\ub77d\ub85c5\uae38 31-1 101\ud638 \ubf50\ub098\uac1c \uc9c0\ubc88", "category": "\ubc18\ub824\ub3d9\ubb3c > \ubc18\ub824\ub3d9\ubb3c\ubbf8\uc6a9", "tel": "010-6838-1185"}}, {"model": "themes.local", "pk": 416, "fields": {"title": "\ub0b4\ud488\uc5d0 \uac15\uc544\uc9c0", "venue": "\uc11c\uc6b8\ud2b9\ubcc4\uc2dc \uc11c\ucd08\uad6c \uac15\ub0a8\ub300\ub85c45\uae38 24 \uc9c0\ubc88", "category": "\ubc18\ub824\ub3d9\ubb3c > \ubc18\ub824\ub3d9\ubb3c\ubbf8\uc6a9", "tel": "02-585-8255"}}, {"model": "themes.local", "pk": 417, "fields": {"title": "\ud074\ub9b0\ud3ab", "venue": "\uc11c\uc6b8\ud2b9\ubcc4\uc2dc \uad00\uc545\uad6c \ubb38\uc131\ub85c31\uae38 38 1\uce35 \ud074\ub9b0\ud3ab \uc9c0\ubc88", "category": "\ubc18\ub824\ub3d9\ubb3c > \ubc18\ub824\ub3d9\ubb3c\ubbf8\uc6a9", "tel": "02-3281-4080"}}, {"model": "themes.local", "pk": 418, "fields": {"title": "\ud0d1\uc2dc\uc800\ub9c1", "venue": "\uc11c\uc6b8\ud2b9\ubcc4\uc2dc \uc1a1\ud30c\uad6c \uc0bc\ud559\uc0ac\ub85c19\uae38 10 \uc9c0\ubc88", "category": "\ubc18\ub824\ub3d9\ubb3c > \ubc18\ub824\ub3d9\ubb3c\ubbf8\uc6a9", "tel": "02-414-8343"}}, {"model": "themes.local", "pk": 419, "fields": {"title": "\ubc84\ube14\ub3c5", "venue": "\uc11c\uc6b8\ud2b9\ubcc4\uc2dc \ub3d9\ub300\ubb38\uad6c \uc7a5\ud55c\ub85c 64 \uc9c0\ubc88", "category": "\ubc18\ub824\ub3d9\ubb3c > \ubc18\ub824\ub3d9\ubb3c\ubbf8\uc6a9", "tel": "010-4167-9450"}}, {"model": "themes.local", "pk": 420, "fields": {"title": "\uc0e4\uc6cc\uc564\ub3c5", "venue": "\uc11c\uc6b8\ud2b9\ubcc4\uc2dc \uad6c\ub85c\uad6c \uacbd\uc778\ub85c 638 \uc2e0\ub3c4\ub9bc\uc5d0\uc2a4\ucf00\uc774\ubdf0 \uc0c1\uac00 101-101 \uc9c0\ubc88", "category": "\ubc18\ub824\ub3d9\ubb3c > \ubc18\ub824\ub3d9\ubb3c\ubbf8\uc6a9", "tel": "070-4799-2020"}}, {"model": "themes.local", "pk": 421, "fields": {"title": "\uac13\ub3c5\uc560\uacac\ud638\ud154", "venue": "\uc11c\uc6b8\ud2b9\ubcc4\uc2dc \uc1a1\ud30c\uad6c \uc0c8\ub9d0\ub85c 62 \uc1a1\ud30c \ud478\ub974\uc9c0\uc624\uc2dc\ud2f0 \uc9c0\ubc88", "category": "\ubc18\ub824\ub3d9\ubb3c > \ubc18\ub824\ub3d9\ubb3c\ud638\ud154", "tel": "070-4192-2046"}}, {"model": "themes.local", "pk": 422, "fields": {"title": "\ud5e4\uc774\ubcf5\ub514", "venue": "\uc11c\uc6b8\ud2b9\ubcc4\uc2dc \uac15\ubd81\uad6c \ub3c4\ubd09\ub85c101\uae38 71 \uc9c0\ubc88", "category": "\ubc18\ub824\ub3d9\ubb3c > \ubc18\ub824\ub3d9\ubb3c\ubbf8\uc6a9", "tel": "010-7174-1663"}}, {"model": "themes.local", "pk": 423, "fields": {"title": "\ub3c4\uadf8\uc0b4\ub871 \uc560\uacac\ubbf8\uc6a9", "venue": "\uc11c\uc6b8\ud2b9\ubcc4\uc2dc \uac15\ub3d9\uad6c \uc62c\ub9bc\ud53d\ub85c 729 103\ud638 \ub3c4\uadf8\uc0b4\ub871 \uc9c0\ubc88", "category": "\ubc18\ub824\ub3d9\ubb3c > \ubc18\ub824\ub3d9\ubb3c\ubbf8\uc6a9", "tel": "02-485-8153"}}, {"model": "themes.local", "pk": 424, "fields": {"title": "\uc18c\ub2f4\uc0b4\ub871", "venue": "\uc11c\uc6b8\ud2b9\ubcc4\uc2dc \ub178\uc6d0\uad6c \ud55c\uae00\ube44\uc11d\ub85c36\uae38 47 \uc9c0\ubc88", "category": "\ubc18\ub824\ub3d9\ubb3c > \ubc18\ub824\ub3d9\ubb3c\ubbf8\uc6a9", "tel": "010-4041-4642"}}, {"model": "themes.local", "pk": 425, "fields": {"title": "\uac8c\ucf54\ud504\ub80c\uc988", "venue": "\uc11c\uc6b8\ud2b9\ubcc4\uc2dc \ub9c8\ud3ec\uad6c \ub9c8\ud3ec\ub300\ub85c 208 \ud6a8\uc131\uc778\ud154\ub9ac\uc548 \uc9c0\ud558 1\uce35 4\ud6385\ud638 \uc9c0\ubc88", "category": "\ubc18\ub824\ub3d9\ubb3c > \ubc18\ub824\ub3d9\ubb3c\ubd84\uc591", "tel": "010-9808-9874"}}, {"model": "themes.local", "pk": 426, "fields": {"title": "\ud050\uadf8\ub8e8\ubc0d\uc0f5", "venue": "\uc11c\uc6b8\ud2b9\ubcc4\uc2dc \uc131\ubd81\uad6c \uc7a5\uc704\ub85c 81 \uc9c0\ubc88", "category": "\ubc18\ub824\ub3d9\ubb3c > \ubc18\ub824\ub3d9\ubb3c\ubbf8\uc6a9", "tel": "02-6053-6501"}}, {"model": "themes.local", "pk": 427, "fields": {"title": "\ud3f4\ub9ac\ud30c\ud06c \uc2e0\ub9bc\uc810", "venue": "\uc11c\uc6b8\ud2b9\ubcc4\uc2dc \uad00\uc545\uad6c \ubd09\ucc9c\ub85c 226 \uae08\uc624\ube4c\ub529 \uc9c0\ubc88", "category": "\uc1fc\ud551,\uc720\ud1b5 > \ubc18\ub824\ub3d9\ubb3c", "tel": "02-3285-1312"}}, {"model": "themes.local", "pk": 428, "fields": {"title": "\uc6e8\uadf8\uc564\ucf54", "venue": "\uc11c\uc6b8\ud2b9\ubcc4\uc2dc \uc131\ub3d9\uad6c \uc131\ub355\uc815\uae38 95 1\uce35 \uc6e8\uadf8\uc564\ucf54 \uc9c0\ubc88", "category": "\ubc18\ub824\ub3d9\ubb3c > \ubc18\ub824\ub3d9\ubb3c\ubbf8\uc6a9", "tel": "010-2874-5999"}}, {"model": "themes.local", "pk": 429, "fields": {"title": "\uc778\ud615\uc81c\uc791\uc18c\uc560\uacac\ubbf8\uc6a9\uc2e4", "venue": "\uc11c\uc6b8\ud2b9\ubcc4\uc2dc \ub3d9\uc791\uad6c \uc2e0\ub300\ubc291\uac00\uae38 38 106\ub3d9 308\ud638 \uc9c0\ubc88", "category": "\ubc18\ub824\ub3d9\ubb3c > \ubc18\ub824\ub3d9\ubb3c\ubbf8\uc6a9", "tel": "010-6560-8049"}}, {"model": "themes.local", "pk": 430, "fields": {"title": "\ud37c\ud50c\ucea3", "venue": "\uc11c\uc6b8\ud2b9\ubcc4\uc2dc \uc885\ub85c\uad6c \uc728\uace1\ub85c 223 3\uce35 \uc9c0\ubc88", "category": "\ubc18\ub824\ub3d9\ubb3c > \ubc18\ub824\ub3d9\ubb3c\ud638\ud154", "tel": "02-743-2459"}}, {"model": "themes.local", "pk": 431, "fields": {"title": "\ud328\ub7ec\ub3c5\uc2a4", "venue": "\uc11c\uc6b8\ud2b9\ubcc4\uc2dc \uac15\ub3d9\uad6c \uc131\ub0b4\ub85c 11 B101 \uc9c0\ubc88", "category": "\ubc18\ub824\ub3d9\ubb3c > \ubc18\ub824\ub3d9\ubb3c\ubd84\uc591", "tel": "070-4024-9731"}}, {"model": "themes.local", "pk": 432, "fields": {"title": "\uc794\ub2e4\ub0e5 \ubaa9\ub3d9\uc810", "venue": "\uc11c\uc6b8\ud2b9\ubcc4\uc2dc \uc591\ucc9c\uad6c \ubaa9\ub3d9\uc911\uc559\ub0a8\ub85c3\uae38 35 \uc9c0\ubc88", "category": "\ubc18\ub824\ub3d9\ubb3c > \ubc18\ub824\ub3d9\ubb3c\ubbf8\uc6a9", "tel": "02-6404-7890"}}, {"model": "themes.local", "pk": 433, "fields": {"title": "\ub3c4\uadf8\uc2f8\ub871", "venue": "\uc11c\uc6b8\ud2b9\ubcc4\uc2dc \uac15\uc11c\uad6c \uae08\ub0ad\ud654\ub85c17\uae38 3 2\uce35 \ub3c4\uadf8\uc2f8\ub871 \uc9c0\ubc88", "category": "\ubc18\ub824\ub3d9\ubb3c > \ubc18\ub824\ub3d9\ubb3c\ubbf8\uc6a9", "tel": "02-2665-5955"}}, {"model": "themes.local", "pk": 434, "fields": {"title": "\ud0b9\ub3c5", "venue": "\uc11c\uc6b8\ud2b9\ubcc4\uc2dc \uac15\ub0a8\uad6c \ub17c\ud604\ub85c98\uae38 34 \uc9c0\ubc88", "category": "\ubc18\ub824\ub3d9\ubb3c > \ubc18\ub824\ub3d9\ubb3c\ud638\ud154", "tel": "02-568-5111"}}, {"model": "themes.local", "pk": 435, "fields": {"title": "\uc18c\uc6d4\uc9d1", "venue": "\uc11c\uc6b8\ud2b9\ubcc4\uc2dc \uc6a9\uc0b0\uad6c \uc18c\uc6d4\ub85c44\uae38 41 \uc9c0\ubc88", "category": "\ubc18\ub824\ub3d9\ubb3c > \ubc18\ub824\ub3d9\ubb3c\ubbf8\uc6a9", "tel": "010-3615-5307"}}, {"model": "themes.local", "pk": 436, "fields": {"title": "GODOG", "venue": "\uc11c\uc6b8\ud2b9\ubcc4\uc2dc \uc131\ubd81\uad6c \uc0bc\uc591\ub85c 69 \uc9c0\uc0c11\uce35 \uc9c0\ubc88", "category": "\ubc18\ub824\ub3d9\ubb3c > \ubc18\ub824\ub3d9\ubb3c\ubbf8\uc6a9", "tel": "02-942-2141"}}, {"model": "themes.local", "pk": 437, "fields": {"title": "\uba4d\uba4d\uc774\uc9d1", "venue": "\uc11c\uc6b8\ud2b9\ubcc4\uc2dc \uac15\ub3d9\uad6c \ucc9c\ud638\ub300\ub85c193\uae38 36 \uba4d\uba4d\uc774\uc9d1 \uc9c0\ubc88", "category": "\ubc18\ub824\ub3d9\ubb3c > \ubc18\ub824\ub3d9\ubb3c\ubbf8\uc6a9", "tel": "02-487-0940"}}, {"model": "themes.local", "pk": 438, "fields": {"title": "\ud55c\uac15\ud3ab\ucf00\uc5b4\uc13c\ud130 \uac15\ub3d9\uc810", "venue": "\uc11c\uc6b8\ud2b9\ubcc4\uc2dc \uac15\ub3d9\uad6c \ucc9c\uc911\ub85c2\uae38 57 \ub178\uc2b9\ube4c\ub529 5\uce35 \uc9c0\ubc88", "category": "\ubc18\ub824\ub3d9\ubb3c > \ubc18\ub824\ub3d9\ubb3c\ud638\ud154", "tel": "070-8623-2327"}}, {"model": "themes.local", "pk": 439, "fields": {"title": "\ub098\ubc0d\ubc0d\uac15\uc544\uc9c0\ub124", "venue": "\uc11c\uc6b8\ud2b9\ubcc4\uc2dc \ub3d9\uc791\uad6c \uc11c\ub2ec\ub85c 150 \uc774\ub79c\ub4dc \ud574\uac00\ub4e0 \uc0c1\uac00 110\ud638 \uc9c0\ubc88", "category": "\ubc18\ub824\ub3d9\ubb3c > \ubc18\ub824\ub3d9\ubb3c\ubbf8\uc6a9", "tel": "070-8105-6655"}}, {"model": "themes.local", "pk": 440, "fields": {"title": "\ubca0\uc774\ube44\ub3c5", "venue": "\uc11c\uc6b8\ud2b9\ubcc4\uc2dc \uad11\uc9c4\uad6c \ub2a5\ub3d9\ub85c4\uae38 17 \uc6d0\uc6b0\uc0c1\uac00 1\uce35 \uc9c0\ubc88", "category": "\ubc18\ub824\ub3d9\ubb3c > \ubc18\ub824\ub3d9\ubb3c\ubbf8\uc6a9", "tel": "070-7608-4184"}}, {"model": "themes.local", "pk": 441, "fields": {"title": "\ub300\uc0c1\ub77c\uc778", "venue": "\uc11c\uc6b8\ud2b9\ubcc4\uc2dc \uc885\ub85c\uad6c \uccad\uacc4\ucc9c\ub85c 331 \ub300\uc0c1\ub77c\uc778 \uc9c0\ubc88", "category": "\ubc18\ub824\ub3d9\ubb3c > \ubc18\ub824\ub3d9\ubb3c\ubd84\uc591", "tel": "02-744-4505"}}, {"model": "themes.local", "pk": 442, "fields": {"title": "\ubc14\uc2a4\ud15f", "venue": "\uc11c\uc6b8\ud2b9\ubcc4\uc2dc \uc601\ub4f1\ud3ec\uad6c \uc601\ub4f1\ud3ec\ub85c 237-1 \uc131\uc77c\ube4c\ub529 4\uce35 \uc9c0\ubc88", "category": "\ubc18\ub824\ub3d9\ubb3c > \ubc18\ub824\ub3d9\ubb3c\ud638\ud154", "tel": "010-6470-6660"}}, {"model": "themes.local", "pk": 443, "fields": {"title": "\uadf8\ub8e8\uc7a0", "venue": "\uc11c\uc6b8\ud2b9\ubcc4\uc2dc \uac15\ub0a8\uad6c \uc120\ub989\ub85c76\uae38 24 \uc9c0\ud558 \uc9c0\ubc88", "category": "\ubc18\ub824\ub3d9\ubb3c > \ubc18\ub824\ub3d9\ubb3c\ud638\ud154", "tel": "02-566-2334"}}, {"model": "themes.local", "pk": 444, "fields": {"title": "\uc624\ub124\ub124", "venue": "\uc11c\uc6b8\ud2b9\ubcc4\uc2dc \uad11\uc9c4\uad6c \uc6a9\ub9c8\uc0b0\ub85c 103 \ubc14\uc6b0\ud558\uc6b0\uc2a4 1\uce35 \uc0c1\uac00 Onene \uc9c0\ubc88", "category": "\ubc18\ub824\ub3d9\ubb3c > \ubc18\ub824\ub3d9\ubb3c\ubbf8\uc6a9", "tel": "010-8740-6083"}}, {"model": "themes.local", "pk": 445, "fields": {"title": "\uc0f5\uc138\ub9b0\ud30c\ud06c", "venue": "\uc11c\uc6b8\ud2b9\ubcc4\uc2dc \uc11c\ucd08\uad6c \ubc29\ubc30\uc911\uc559\ub85c 88 .1\uce35 101\ud638 \uc9c0\ubc88", "category": "\ubc18\ub824\ub3d9\ubb3c > \ubc18\ub824\ub3d9\ubb3c\ubbf8\uc6a9", "tel": "010-5177-0238"}}, {"model": "themes.local", "pk": 446, "fields": {"title": "\ubc29\ubc30\ub3d9\uac15\uc544\uc9c0", "venue": "\uc11c\uc6b8\ud2b9\ubcc4\uc2dc \uc11c\ucd08\uad6c \ubc29\ubc30\uc911\uc559\ub85c 106 1\uce35 101\ud638 \uc9c0\ubc88", "category": "\ubc18\ub824\ub3d9\ubb3c > \ubc18\ub824\ub3d9\ubb3c\ubbf8\uc6a9", "tel": "02-535-2345"}}, {"model": "themes.local", "pk": 447, "fields": {"title": "\uc774\uc744\uc560\uacac\ud638\ud154", "venue": "\uc11c\uc6b8\ud2b9\ubcc4\uc2dc \uc11c\ucd08\uad6c \uc0ac\ud3c9\ub300\ub85c20\uae38 3 \uc9c0\ubc88", "category": "\ubc18\ub824\ub3d9\ubb3c > \ubc18\ub824\ub3d9\ubb3c\ud638\ud154", "tel": "010-6769-7574"}}, {"model": "themes.local", "pk": 448, "fields": {"title": "\uba4d\uc2a4\ubca0\ubca0", "venue": "\uc11c\uc6b8\ud2b9\ubcc4\uc2dc \uac15\uc11c\uad6c \ub9c8\uace1\ub3d9\ub85c10\uae38 23 \uc9c0\ubc88", "category": "\ubc18\ub824\ub3d9\ubb3c > \ubc18\ub824\ub3d9\ubb3c\ubbf8\uc6a9", "tel": "010-7541-4936"}}, {"model": "themes.local", "pk": 449, "fields": {"title": "\uc0ac\ub791\ubc29 \ubcf4\uc721\uc6d0", "venue": "\uc11c\uc6b8\ud2b9\ubcc4\uc2dc \uc131\ub3d9\uad6c \ub69d\uc12c\ub85c13\uae38 3 \uc9c0\ubc88", "category": "\ubc18\ub824\ub3d9\ubb3c > \ubc18\ub824\ub3d9\ubb3c\ud638\ud154", "tel": "010-8415-4312"}}, {"model": "themes.local", "pk": 450, "fields": {"title": "\ubab0\ub9ac\uc2a4\ud3ab\uc0f5 \uc131\uc218\uc810", "venue": "\uc11c\uc6b8\ud2b9\ubcc4\uc2dc \uc131\ub3d9\uad6c \ub69d\uc12c\ub85c 379 \uc774\ub9c8\ud2b8 \uc131\uc218\uc810 4\uce35 \ubab0\ub9ac\uc2a4\ud3ab\uc0f5 \uc9c0\ubc88", "category": "\uc0dd\ud65c,\ud3b8\uc758 > \ubc18\ub824\ub3d9\ubb3c", "tel": "02-2104-5024"}}, {"model": "themes.local", "pk": 451, "fields": {"title": "\ub9c8\ub9c8\ub3c5", "venue": "\uc11c\uc6b8\ud2b9\ubcc4\uc2dc \uc1a1\ud30c\uad6c \ub3d9\ub0a8\ub85c 272 \uac00\ub77d\uc6b0\ucc3d\uc544\ud30c\ud2b8\uc0c1\uac00 1\uce35 4\ud638 \uc9c0\ubc88", "category": "\ubc18\ub824\ub3d9\ubb3c > \ubc18\ub824\ub3d9\ubb3c\ubbf8\uc6a9", "tel": "02-404-8808"}}, {"model": "themes.local", "pk": 452, "fields": {"title": "\ucd98\uc0b4\ub871", "venue": "\uc11c\uc6b8\ud2b9\ubcc4\uc2dc \uc911\ub791\uad6c \uba74\ubaa9\ub85c55\uae38 26 \uc9c0\ubc88", "category": "\uc0dd\ud65c,\ud3b8\uc758 > \ubc18\ub824\ub3d9\ubb3c", "tel": "010-4333-6425"}}, {"model": "themes.local", "pk": 453, "fields": {"title": "\ud2b8\ub9ac\ubabd", "venue": "\uc11c\uc6b8\ud2b9\ubcc4\uc2dc \uc131\ubd81\uad6c \ubcf4\ubb38\ub85c21\uae38 20 \uc9c0\ubc88", "category": "\ubc18\ub824\ub3d9\ubb3c > \ubc18\ub824\ub3d9\ubb3c\ubbf8\uc6a9", "tel": "02-922-2828"}}, {"model": "themes.local", "pk": 454, "fields": {"title": "\ud50c\ub798\ub2db\uc624\ube0c\ub3c5\uc2a4 \uadf8\ub8e8\ubc0d\uc0b4\ub871", "venue": "\uc11c\uc6b8\ud2b9\ubcc4\uc2dc \uc6a9\uc0b0\uad6c \ud55c\ub0a8\ub300\ub85c40\uae38 10 \ud50c\ub798\ub2db\uc624\ube0c\ub3c5\uc2a4 B1 \uc9c0\ubc88", "category": "\ubc18\ub824\ub3d9\ubb3c > \ubc18\ub824\ub3d9\ubb3c\ubbf8\uc6a9", "tel": "02-790-9643"}}, {"model": "themes.local", "pk": 455, "fields": {"title": "\ubc14\ub451\uc774\uc640 \uc0b0\ucc45", "venue": "\uc11c\uc6b8\ud2b9\ubcc4\uc2dc \uc1a1\ud30c\uad6c \uac00\ub77d\ub85c 287-1 \uc9c0\ubc88", "category": "\ubc18\ub824\ub3d9\ubb3c > \ubc18\ub824\ub3d9\ubb3c\ubbf8\uc6a9", "tel": "010-3254-2534"}}, {"model": "themes.local", "pk": 456, "fields": {"title": "\ubaa8\ub3d9\ubaa8\ub3d9", "venue": "\uc11c\uc6b8\ud2b9\ubcc4\uc2dc \uc131\ub3d9\uad6c \uc655\uc2ed\ub9ac\ub85c 16 \ud2b8\ub9ac\ub9c8\uc81c \uc0c1\uac00 103\ud638 \uc9c0\ubc88", "category": "\ubc18\ub824\ub3d9\ubb3c > \ubc18\ub824\ub3d9\ubb3c\ubbf8\uc6a9", "tel": "02-3409-9225"}}, {"model": "themes.local", "pk": 457, "fields": {"title": "\uafc8\uc5d0 \uac1c\ub9b0", "venue": "\uc11c\uc6b8\ud2b9\ubcc4\uc2dc \uac15\ub0a8\uad6c \ub3c4\uace1\ub85c7\uae38 8 \uc1a1\ud604\ube4c\ub529 \ubcf8\uad00 CU 2\uce35 \uc9c0\ubc88", "category": "\ubc18\ub824\ub3d9\ubb3c > \ubc18\ub824\ub3d9\ubb3c\ud638\ud154", "tel": "02-6082-0077"}}, {"model": "themes.local", "pk": 458, "fields": {"title": "\ub611\ub611\ub3c5", "venue": "\uc11c\uc6b8\ud2b9\ubcc4\uc2dc \ub178\uc6d0\uad6c \ud55c\uae00\ube44\uc11d\ub85c 424 \uc194\ub9e4\ube4c\ub77c\ud2b8 2\uce35 \uc9c0\ubc88", "category": "\uc0dd\ud65c,\ud3b8\uc758 > \ubc18\ub824\ub3d9\ubb3c", "tel": "02-930-9997"}}, {"model": "themes.local", "pk": 459, "fields": {"title": "\ub315\ub315\uc0b4\ub871", "venue": "\uc11c\uc6b8\ud2b9\ubcc4\uc2dc \uc911\ub791\uad6c \ub3d9\uc77c\ub85c91\uae38 10 1\uce35 \uc9c0\ubc88", "category": "\ubc18\ub824\ub3d9\ubb3c > \ubc18\ub824\ub3d9\ubb3c\ubbf8\uc6a9", "tel": "010-2296-5950"}}, {"model": "themes.local", "pk": 460, "fields": {"title": "\ub465\uae00\uac1c\ub465\uae00\uac1c", "venue": "\uc11c\uc6b8\ud2b9\ubcc4\uc2dc \ub3d9\ub300\ubb38\uad6c \uc7a5\ud55c\ub85c32\uae38 27 1\uce35 \ub465\uae00\uac1c\ub465\uae00\uac1c \uc560\uacac\uc0f5 \uc9c0\ubc88", "category": "\ubc18\ub824\ub3d9\ubb3c > \ubc18\ub824\ub3d9\ubb3c\ubbf8\uc6a9", "tel": "02-2242-2249"}}, {"model": "themes.local", "pk": 461, "fields": {"title": "\uac1c\ubc1c\uc18c", "venue": "\uc11c\uc6b8\ud2b9\ubcc4\uc2dc \uc911\ub791\uad6c \uba74\ubaa9\ub85c49\uae38 38 \uc9c0\ubc88", "category": "\ubc18\ub824\ub3d9\ubb3c > \ubc18\ub824\ub3d9\ubb3c\ubbf8\uc6a9", "tel": "070-8118-3578"}}, {"model": "themes.local", "pk": 462, "fields": {"title": "\uc058\ub760\ud3ab", "venue": "\uc11c\uc6b8\ud2b9\ubcc4\uc2dc \uac15\ub3d9\uad6c \ucc9c\ud638\ub300\ub85c 1089 \uc9c0\ubc88", "category": "\ubc18\ub824\ub3d9\ubb3c", "tel": "010-8944-5762"}}, {"model": "themes.local", "pk": 463, "fields": {"title": "\ub77c\ub77c\ub819\ud0c0\uc77c", "venue": "\uc11c\uc6b8\ud2b9\ubcc4\uc2dc \uac15\uc11c\uad6c \ub9c8\uace1\uc911\uc5591\ub85c 10 \ud55c\uc77c\ub178\ubca8\ub9ac\uc544\ud0c0\uc6cc 6\uce35 603\ud638 \uc9c0\ubc88", "category": "\ubc18\ub824\ub3d9\ubb3c > \ubc18\ub824\ub3d9\ubb3c\ubd84\uc591", "tel": "070-8283-1107"}}, {"model": "themes.local", "pk": 464, "fields": {"title": "\ud398\ub9ac\ub3c5", "venue": "\uc11c\uc6b8\ud2b9\ubcc4\uc2dc \uc131\ubd81\uad6c \uc544\ub9ac\ub791\ub85c 25-1 \uc9c0\ubc88", "category": "\ubc18\ub824\ub3d9\ubb3c > \ubc18\ub824\ub3d9\ubb3c\ubbf8\uc6a9", "tel": "02-921-6654"}}, {"model": "themes.local", "pk": 465, "fields": {"title": "\uac10\uc131\uadf8\ub8e8\ubc0d", "venue": "\uc11c\uc6b8\ud2b9\ubcc4\uc2dc \ub9c8\ud3ec\uad6c \ubc31\ubc94\ub85c15\uae38 11 1\uce35 \uc9c0\ubc88", "category": "\ubc18\ub824\ub3d9\ubb3c > \ubc18\ub824\ub3d9\ubb3c\ubbf8\uc6a9", "tel": "010-3396-5909"}}, {"model": "themes.local", "pk": 466, "fields": {"title": "\ub315\ub315\uc774\ud558\uc6b0\uc2a4", "venue": "\uc11c\uc6b8\ud2b9\ubcc4\uc2dc \uc131\ub3d9\uad6c \uc655\uc2ed\ub9ac\ub85c 110 2\uce35 \uc9c0\ubc88", "category": "\ubc18\ub824\ub3d9\ubb3c > \ubc18\ub824\ub3d9\ubb3c\ubbf8\uc6a9", "tel": "070-4384-0920"}}, {"model": "themes.local", "pk": 467, "fields": {"title": "\ud391\ud0a4\ucf54\ucf54 \uc0b4\ub871", "venue": "\uc11c\uc6b8\ud2b9\ubcc4\uc2dc \uac15\ub0a8\uad6c \uc0bc\uc131\ub85c115\uae38 42 \uc9c0\ubc88", "category": "\ubc18\ub824\ub3d9\ubb3c > \ubc18\ub824\ub3d9\ubb3c\ubbf8\uc6a9", "tel": "02-549-1128"}}, {"model": "themes.local", "pk": 468, "fields": {"title": "\ud3f4\ub9ac\ud30c\ud06c \ub454\ucd0c\uc810", "venue": "\uc11c\uc6b8\ud2b9\ubcc4\uc2dc \uac15\ub3d9\uad6c \uc591\uc7ac\ub300\ub85c 1404 \uc815\uc6d0\ube4c\ub529 \uc9c0\ubc88", "category": "\uc1fc\ud551,\uc720\ud1b5 > \ubc18\ub824\ub3d9\ubb3c", "tel": "02-474-2015"}}, {"model": "themes.local", "pk": 469, "fields": {"title": "\uc30d\ubb38\ub3d9 \uace0\ub188\ub4e4", "venue": "\uc11c\uc6b8\ud2b9\ubcc4\uc2dc \ub3c4\ubd09\uad6c \uc6b0\uc774\ucc9c\ub85c 284 2\uce35 \uc9c0\ubc88", "category": "\ubc18\ub824\ub3d9\ubb3c > \ubc18\ub824\ub3d9\ubb3c\ubbf8\uc6a9", "tel": "010-8271-7420"}}, {"model": "themes.local", "pk": 470, "fields": {"title": "\uac15\ub3d9\ub9ac\ubcf8\uc13c\ud130", "venue": "\uc11c\uc6b8\ud2b9\ubcc4\uc2dc \uac15\ub3d9\uad6c \uc591\uc7ac\ub300\ub85c81\uae38 73 \uc9c0\ubc88", "category": "\uc0dd\ud65c,\ud3b8\uc758 > \ubc18\ub824\ub3d9\ubb3c", "tel": "070-4163-7350"}}, {"model": "themes.local", "pk": 471, "fields": {"title": "\uc57c\uc639\uc544\ub180\uc790 \uae08\ud638\uc810", "venue": "\uc11c\uc6b8\ud2b9\ubcc4\uc2dc \uc131\ub3d9\uad6c \uae08\ud638\ub85c 40 \ud790\uc2a4\ud14c\uc774\ud2b8 \uc11c\uc6b8\uc232 \ub9ac\ubc84 \ub2e8\uc9c0\ub0b4 \uc0c1\uac00 2\uce3524\ud638 \uc9c0\ubc88", "category": "\ubc18\ub824\ub3d9\ubb3c > \ubc18\ub824\ub3d9\ubb3c\ubbf8\uc6a9", "tel": "010-9782-3285"}}, {"model": "themes.local", "pk": 472, "fields": {"title": "\uac1c\uac04\uc2dd\uc9d1", "venue": "\uc11c\uc6b8\ud2b9\ubcc4\uc2dc \uc911\ub791\uad6c \uc911\ub791\uc5ed\ub85c 205 1\uce35 \uac1c\uac04\uc2dd\uc9d1 \uc9c0\ubc88", "category": "\uc0dd\ud65c,\ud3b8\uc758 > \ubc18\ub824\ub3d9\ubb3c", "tel": "010-2400-9283"}}, {"model": "themes.local", "pk": 473, "fields": {"title": "\ud37c\ud50c\ud37c\ud53c", "venue": "\uc11c\uc6b8\ud2b9\ubcc4\uc2dc \uac15\ub0a8\uad6c \uc555\uad6c\uc815\ub85c18\uae38 14 \uc9c0\ubc88", "category": "\ubc18\ub824\ub3d9\ubb3c > \ubc18\ub824\ub3d9\ubb3c\ubbf8\uc6a9", "tel": "010-6434-1210"}}, {"model": "themes.local", "pk": 474, "fields": {"title": "\ud50c\ub8e8\ud1a0", "venue": "\uc11c\uc6b8\ud2b9\ubcc4\uc2dc \uc601\ub4f1\ud3ec\uad6c \ub3c4\ub9bc\ub85c125\uac00\uae38 11 \uc9c0\ubc88", "category": "\ubc18\ub824\ub3d9\ubb3c > \ubc18\ub824\ub3d9\ubb3c\ubbf8\uc6a9", "tel": "010-9918-3849"}}, {"model": "themes.local", "pk": 475, "fields": {"title": "\uae40\uc324\uc560\uacac\uc0f5", "venue": "\uc11c\uc6b8\ud2b9\ubcc4\uc2dc \uc911\uad6c \ub9cc\ub9ac\uc7ac\ub85c 175 \uc11c\uc6b8\uc5ed\uc13c\ud2b8\ub7f4\uc790\uc774\uc0c1\uac00 402\ub3d9 161\ud638 \uc9c0\ubc88", "category": "\ubc18\ub824\ub3d9\ubb3c > \ubc18\ub824\ub3d9\ubb3c\ubbf8\uc6a9", "tel": "02-313-4445"}}, {"model": "themes.local", "pk": 476, "fields": {"title": "\ud56bDog 2\ud638\uc810", "venue": "\uc11c\uc6b8\ud2b9\ubcc4\uc2dc \uac15\ubd81\uad6c \uc0bc\uc591\ub85c91\uae38 11-9 \uc9c0\ubc88", "category": "\ubc18\ub824\ub3d9\ubb3c > \ubc18\ub824\ub3d9\ubb3c\ubbf8\uc6a9", "tel": "010-8363-5315"}}, {"model": "themes.local", "pk": 477, "fields": {"title": "24\uc2dc \ud589\ubcf5\ud55c \ubc18\ub824\ub3d9\ubb3c shop", "venue": "\uc11c\uc6b8\ud2b9\ubcc4\uc2dc \ub3d9\uc791\uad6c \uc0ac\ub2f93\ub3d9 148-9", "category": "\ubc18\ub824\ub3d9\ubb3c > \ubc18\ub824\ub3d9\ubb3c\ubbf8\uc6a9", "tel": "02-593-8273"}}, {"model": "themes.local", "pk": 478, "fields": {"title": "\uc81c\uc774\uc628 \ud3ab\ud2b8\ub9ac\ubc0d", "venue": "\uc11c\uc6b8\ud2b9\ubcc4\uc2dc \uc1a1\ud30c\uad6c \uc0c8\ub9d0\ub85c 62 216\ud638 \uc81c\uc774\uc628 \ud3ab\ud2b8\ub9ac\ubc0d \uc9c0\ubc88", "category": "\ubc18\ub824\ub3d9\ubb3c > \ubc18\ub824\ub3d9\ubb3c\ubbf8\uc6a9", "tel": "010-2830-9914"}}, {"model": "themes.local", "pk": 479, "fields": {"title": "\ubcc4\uac1c\uc560\uacac\ud638\ud154", "venue": "\uc11c\uc6b8\ud2b9\ubcc4\uc2dc \uc591\ucc9c\uad6c \uc9c0\uc591\ub85c 85 202\ud638 \uc9c0\ubc88", "category": "\ubc18\ub824\ub3d9\ubb3c > \ubc18\ub824\ub3d9\ubb3c\ud638\ud154", "tel": "070-4792-4441"}}, {"model": "themes.local", "pk": 480, "fields": {"title": "\uba4d\ub3cc\ud558\uc6b0\uc2a4", "venue": "\uc11c\uc6b8\ud2b9\ubcc4\uc2dc \uc1a1\ud30c\uad6c \ubb38\uc815\ub85c1\uae38 26 \uc9c0\ubc88", "category": "\ubc18\ub824\ub3d9\ubb3c > \ubc18\ub824\ub3d9\ubb3c\ud638\ud154", "tel": "010-6502-8809"}}, {"model": "themes.local", "pk": 481, "fields": {"title": "\uadf8\ub8e8\uba38\uc544\uba54\ub9ac", "venue": "\uc11c\uc6b8\ud2b9\ubcc4\uc2dc \ub9c8\ud3ec\uad6c \uc640\uc6b0\uc0b0\ub85c11\uae38 28 3\uce35 202\ud638 \uc9c0\ubc88", "category": "\ubc18\ub824\ub3d9\ubb3c > \ubc18\ub824\ub3d9\ubb3c\ubbf8\uc6a9", "tel": "010-7923-9977"}}, {"model": "themes.local", "pk": 482, "fields": {"title": "\ud0d1\uc564\ud0d1 \uadf8\ub8e8\ubc0d", "venue": "\uc11c\uc6b8\ud2b9\ubcc4\uc2dc \uad6c\ub85c\uad6c \uc11c\ud574\uc548\ub85c 2293 1\uce35 103\ud638 \ud0d1\uc564\ud0d1\uadf8\ub8e8\ubc0d \uc9c0\ubc88", "category": "\ubc18\ub824\ub3d9\ubb3c > \ubc18\ub824\ub3d9\ubb3c\ubbf8\uc6a9", "tel": "02-2617-0040"}}, {"model": "themes.local", "pk": 483, "fields": {"title": "\uace0\uc591\uc774 \ud638\ud154 \ub0e5\uc774 \uc544\uc9c0\ud2b8", "venue": "\uc11c\uc6b8\ud2b9\ubcc4\uc2dc \uad00\uc545\uad6c \ubd09\ucc9c\ub85c 303 5\uce35 \ub0e5\uc774 \uc544\uc9c0\ud2b8 \uc9c0\ubc88", "category": "\ubc18\ub824\ub3d9\ubb3c > \ubc18\ub824\ub3d9\ubb3c\ud638\ud154", "tel": "070-4127-5616"}}, {"model": "themes.local", "pk": 484, "fields": {"title": "\uc740\ud1f4\ud55c\uc218\uc758\uc0ac\uc758\uc800\ud0dd", "venue": "\uc11c\uc6b8\ud2b9\ubcc4\uc2dc \uc11c\ub300\ubb38\uad6c \uac00\uc88c\ub85c 78 \uc9c0\ubc88", "category": "\ubc18\ub824\ub3d9\ubb3c > \ubc18\ub824\ub3d9\ubb3c\ud638\ud154", "tel": "02-303-7959"}}, {"model": "themes.local", "pk": 485, "fields": {"title": "\ud589\ubcf5\ud558\uac1c\ud0a4\uc6b8\uace0\uc591", "venue": "\uc11c\uc6b8\ud2b9\ubcc4\uc2dc \uc131\ubd81\uad6c \uace0\ub824\ub300\ub85c11\uae38 24 2\uce35 \uc9c0\ubc88", "category": "\uc0dd\ud65c,\ud3b8\uc758 > \ubc18\ub824\ub3d9\ubb3c", "tel": "010-9638-3828"}}, {"model": "themes.local", "pk": 486, "fields": {"title": "\uba54\uc774\ube10\uc560\uacac\ubbf8\uc6a9\uc2e4", "venue": "\uc11c\uc6b8\ud2b9\ubcc4\uc2dc \ub3c4\ubd09\uad6c \uc6b0\uc774\ucc9c\ub85c38\uae38 32 \uc9c0\ubc88", "category": "\ubc18\ub824\ub3d9\ubb3c > \ubc18\ub824\ub3d9\ubb3c\ubbf8\uc6a9", "tel": "010-8616-2019"}}, {"model": "themes.local", "pk": 487, "fields": {"title": "\uac1c\uc774\uc068\ubbf8\uc6a9\uc2e4", "venue": "\uc11c\uc6b8\ud2b9\ubcc4\uc2dc \uc11c\ucd08\uad6c \uc0ac\ud3c9\ub300\ub85c 70 \uc6b0\uc8fc\ube4c\ub529 1\uce35 \uc9c0\ubc88", "category": "\ubc18\ub824\ub3d9\ubb3c > \ubc18\ub824\ub3d9\ubb3c\ubbf8\uc6a9", "tel": "02-535-7502"}}, {"model": "themes.local", "pk": 488, "fields": {"title": "\uadf8\ub8e8\ubc0d\uc0b4\ub871 \uc560\uacac\ubbf8\uc6a9\uc2e4", "venue": "\uc11c\uc6b8\ud2b9\ubcc4\uc2dc \uac15\uc11c\uad6c \ud654\uace1\ub85c68\uae38 103 \uc6b0\uc131\uc544\ud30c\ud2b8\uc0c1\uac00 102\ud638 \uc9c0\ubc88", "category": "\ubc18\ub824\ub3d9\ubb3c > \ubc18\ub824\ub3d9\ubb3c\ubbf8\uc6a9", "tel": "02-6085-3120"}}, {"model": "themes.local", "pk": 489, "fields": {"title": "7H Shop", "venue": "\uc11c\uc6b8\ud2b9\ubcc4\uc2dc \ub9c8\ud3ec\uad6c \ubc29\uc6b8\ub0b4\ub85c 65 \uc9c0\ubc88", "category": "\ubc18\ub824\ub3d9\ubb3c > \ubc18\ub824\ub3d9\ubb3c\ubbf8\uc6a9", "tel": "070-8621-5837"}}, {"model": "themes.local", "pk": 490, "fields": {"title": "\uadf8\ub8e8\ubc0d105", "venue": "\uc11c\uc6b8\ud2b9\ubcc4\uc2dc \uc1a1\ud30c\uad6c \ubc31\uc81c\uace0\ubd84\ub85c27\uae38 18 \uc9c0\ubc88", "category": "\ubc18\ub824\ub3d9\ubb3c > \ubc18\ub824\ub3d9\ubb3c\ubbf8\uc6a9", "tel": "010-9960-5920"}}]